name,iso3
A Caram,ABW
A Williams,ABW
Anthony Caram,ABW
Arthur Irausquin,ABW
Elias Mansur,ABW
Emile Dunnen,ABW
Hassanali Mehran,ABW
J Sarvaas,ABW
J Semeleer,ABW
Jeanette Semeleer,ABW
Robertico Henriquez,ABW
Abdul Asefi,AFG
Abdul Azizi,AFG
Abdul Fitrat,AFG
Abdul Ghawasi,AFG
Abdul Ranjbar,AFG
Abdul Sani,AFG
Ajmal Ahmady,AFG
Anwar Ahady,AFG
Ehsanullah Ehsan,AFG
Ghulam Jujeni,AFG
Ghulam Yalaqi,AFG
Habibullah Achekzai,AFG
Hidayatullah Badri,AFG
Katrin Fakiri,AFG
Khalil Sediq,AFG
Khan Hadawal,AFG
Mehrabuddin Paktiawal,AFG
Mohammad Ahmadi,AFG
Mohammad Hashimzai,AFG
Mohammad Kabir,AFG
Mohammad Khan,AFG
Mohammad Osmani,AFG
Mohammad Qayoumi,AFG
Mohibullah Safi,AFG
Najibullah Sahu,AFG
Nargis Nehan,AFG
Noor Agha,AFG
Noorullah Delawari,AFG
Noorullah Delwari,AFG
Omar Zakhilwal,AFG
Samiullah Ibrahimi,AFG
Shah Mehrabi,AFG
Shakir Jalali,AFG
Wahidullah Nosher,AFG
Abrahao Gourgel,AGO
Aguinaldo Jaime,AGO
Amadeu Mauricio,AGO
Antonio Furtado,AGO
Antonio Inacio,AGO
Augusto Matos,AGO
Celestino Kanda,AGO
Gaspar Martins,AGO
Generoso Almeida,AGO
Gualberto Campos,AGO
Jose Carvalho,AGO
Jose Massano,AGO
Jose Morais,AGO
Manuel Dias,AGO
Manuel Junior,AGO
Marinela Amaral,AGO
Pedro Neto,AGO
Ricardo Abreu,AGO
Ricardo Dabreu,AGO
Rui Oliveira,AGO
Sebastiao Lavrador,AGO
Suzana Monteiro,AGO
Valter Silva,AGO
Walter Silva,AGO
Abdyl Kellezi,ALB
Anastas Angjeli,ALB
Andis Harasani,ALB
Andrea Nako,ALB
Arben Malaj,ALB
Ardian Fullani,ALB
Arjan Kadareja,ALB
Bajram Muca,ALB
Benet Beci,ALB
Denada Prifti,ALB
Dhame Pite,ALB
Drini Salko,ALB
Dylber Vrioni,ALB
Ela Golemi,ALB
Elisabeta Gjoni,ALB
Ermelinda Meksi,ALB
Fatos Ibrahimi,ALB
Gent Sejko,ALB
Halit Xhafa,ALB
Ilir Hoti,ALB
Kamber Myftari,ALB
Kostandin Boshnjaku,ALB
Kostaq Postoli,ALB
Kristaq Luniku,ALB
Ksenofon Krisafi,ALB
Limos Malaj,ALB
Llazar Gjika,ALB
Llazi Balliu,ALB
Luljeta Minxhozi,ALB
Natasha Ahmetaj,ALB
Niko Gjyzari,ALB
Petraq Milo,ALB
Qamil Tusha,ALB
Qirjako Mihali,ALB
Shklqim Cani,ALB
Spiro Bakalli,ALB
Sulo Haderi,ALB
Tefta Cuci,ALB
Tonin Kola,ALB
Zeqir Lika,ALB
Antoine Delden,ANT
Emsley Tromp,ANT
Frank Wong,ANT
Hans Servage,ANT
Henri Timmermans,ANT
Jose Romero,ANT
Abdelmalik Alhamar,ARE
Abdulhamid Alahmadi,ARE
Bin Alsuwaidi,ARE
Hamad Buamim,ARE
Juma Majid,ARE
Khaled Tameemi,ARE
Khalid Altayer,ARE
Khalifa Huwaileel,ARE
Khalil Foulathi,ARE
Mubarak Mansoori,ARE
Omar Sulaiman,ARE
Ronald Scott,ARE
Saeed Almuhairy,ARE
Sultan Alsuwaidi,ARE
Younis Khoori,ARE
* Cavallo,ARG
* Conception,ARG
* Gomez,ARG
* Ianella,ARG
* Machinea,ARG
* Mondelli,ARG
* Rossi,ARG
* Zalduendo,ARG
Adolfo Diz,ARG
Alberto Fernandez,ARG
Aldo Pignanelli,ARG
Alejandro Lanusse,ARG
Alejandro Vanoli,ARG
Alfonso Pratgay,ARG
Alfredo Cassino,ARG
Alfredo Morales,ARG
Antonio Gonzalez,ARG
Arthur Frondizi,ARG
Arturo Ilia,ARG
Carlos Bringnone,ARG
Carlos Menem,ARG
Cristina Kirchner,ARG
Demian Reidel,ARG
Edelmiro Farrell,ARG
Eduardo Duhalde,ARG
Eduardo Longardi,ARG
Egidio Iannella,ARG
Enrique Folcini,ARG
Federico Sturzenegger,ARG
Fernando Rua,ARG
Garcia Vazquez,ARG
Gonzalez Solar,ARG
Guido Sandleris,ARG
Hector Campora,ARG
Hernan Aldabe,ARG
Isabel Peron,ARG
Javier Fraga,ARG
Jorge Emparanza,ARG
Jorge Videla,ARG
Jose Guido,ARG
Juan Fabrega,ARG
Juan Ongania,ARG
Juan Peron,ARG
Leopoldo Galtieri,ARG
Lucas Llach,ARG
Luis Caputo,ARG
Mario Blejer,ARG
Martin Redrado,ARG
Mauricio Macri,ARG
Mercedes Pont,ARG
Miguel Pesce,ARG
Nestor Kirchner,ARG
Pedro Aramburu,ARG
Pedro Pou,ARG
Raul Alfonsin,ARG
Reynaldo Bignone,ARG
Ricardo Cairoli,ARG
Ricardo Gruneisen,ARG
Roberto Levingston,ARG
Roque Fernandez,ARG
Roque Maccarone,ARG
Santiago Bausili,ARG
Amalya Saribekyan,ARM
Andranik Norekyan,ARM
Andrey Papovyan,ARM
Anton Krizhijanovsky,ARM
Arkadi Khachatryan,ARM
Arkady Minasyan,ARM
Armen Nurbekyan,ARM
Armenak Darbinyan,ARM
Artashes Sargsyan,ARM
Arthur Javadyan,ARM
Arthur Stepanyan,ARM
Ashot Avetisyan,ARM
Bagrat Asatryan,ARM
Constantine Sibani,ARM
Garsan Varshamyan,ARM
Grigor Ghonjeyan,ARM
Grigor Jaghetyan,ARM
Grigory Smirnov,ARM
Hovhannes Davtyan,ARM
Isahak Isahakyan,ARM
Karine Minasyan,ARM
Martin Galstyan,ARM
Martin Sahakyan,ARM
Nerses Yeritsyan,ARM
Nikolai Sannikov,ARM
Oleg Aghasyan,ARM
Riza Velibekov,ARM
Ruben Valesyan,ARM
Sergey Baturi,ARM
Stepan Safaryan,ARM
Tigran Sargsyan,ARM
Vache Gabrielyan,ARM
Vakhtang Abrahamyan,ARM
Vardan Mamikonyan,ARM
Vardan Movsesyan,ARM
Vladimir Aghasyan,ARM
Vladislav Moravski,ARM
A Payan,AUS
Alan Jackson,AUS
Alison Watkins,AUS
Allan Moss,AUS
Andrew Charlton,AUS
Andrew Hauser,AUS
Bernie Fraser,AUS
Bob Johnston,AUS
Brad Banducci,AUS
Bruce Preston,AUS
Carol Ao,AUS
Carolyn Hewson,AUS
Catherine Tanna,AUS
David Clarke,AUS
Donald Mcgauchie,AUS
Elana Rubin,AUS
Frank Lowy,AUS
Glenn Stevens,AUS
Graham Kraehe,AUS
Guy Debelle,AUS
Harold Knight,AUS
Heather Ridout,AUS
Herbert Coombs,AUS
Hugh Morgan,AUS
Iain Ross,AUS
Ian Harper,AUS
Jillian Broadbent,AUS
John Akehurst,AUS
John Edwards,AUS
John Phillips,AUS
Kathryn Fagg,AUS
Mervyn Phillips,AUS
Michele Bullock,AUS
Philip Lowe,AUS
Ric Battellino,AUS
Richard Warburton,AUS
Robert Gerard,AUS
Roger Corbett,AUS
Stephen Grenville,AUS
Warwick Hunt,AUS
Warwick Mckibbin,AUS
Adolf Wala,AUT
Bettina Dorferpauschenwein,AUT
Claus Raidl,AUT
Eugen Kaniak,AUT
Eugen Margaretha,AUT
Ewald Nowotny,AUT
Gertrude Tumpelgugerell,AUT
Gottfried Haber,AUT
Hans Kloss,AUT
Hans Rizzi,AUT
Harald Mahrer,AUT
Hellmuth Klauhs,AUT
Herbert Schimetschek,AUT
Ingrid Reischl,AUT
Johannes Hahn,AUT
Klaus Liebscher,AUT
Maria Schaumayer,AUT
Martin Kocher,AUT
Reinhard Kamitz,AUT
Richard Reisch,AUT
Robert Holzmann,AUT
Stephan Koren,AUT
Viktor Kienbock,AUT
Wolfgang Schmitz,AUT
Alim Guliyev,AZE
Cavansir Abdullayev,AZE
Elman Rustamov,AZE
Qalib Agayev,AZE
Taleh Kazimov,AZE
Aloys Ntahonkiriye,BDI
Bonaventure Kidwingira,BDI
Edouard Bigendako,BDI
Elisee Ntahonikora,BDI
Gabriel Ntisezerana,BDI
Gaspard Sindayigaya,BDI
Gregoire Banyiyezako,BDI
Greogiore Bayiyezako,BDI
Isaac Bizimana,BDI
Isaac Budabuda,BDI
Jean Ciza,BDI
Mathias Sinamenye,BDI
Salvator Toyi,BDI
Alfons Verplaetse,BEL
Bernard Jurion,BEL
Carl Devlies,BEL
Cecil Strycker,BEL
Cedric Frere,BEL
Christian Thillo,BEL
Christine Mahy,BEL
Christl Joris,BEL
Claire Tillekaerts,BEL
Danny Assche,BEL
Didier Matray,BEL
Dimitri Lhoste,BEL
Eddy Varmoesen,BEL
Edwin Boeck,BEL
Eric Mathay,BEL
Estelle Cantillo,BEL
Fabienne Bister,BEL
Gerald Frere,BEL
Geraldine Stichele,BEL
Gilles Vandorpe,BEL
Gregoire Koutentakis,BEL
Guy Haaze,BEL
Guy Quaden,BEL
Hans Dhondt,BEL
Hubert Ansiaux,BEL
Jan Smets,BEL
Jan Vercamst,BEL
Jean Cats,BEL
Jean Eylenbosch,BEL
Jean Godeaux,BEL
Jean Six,BEL
Jo Swyngedouw,BEL
Karel Eetvel,BEL
Lionel Rouget,BEL
Louise Fromont,BEL
Luc Coene,BEL
Marc Leemans,BEL
Marcia Wachter,BEL
Mario Coppens,BEL
Marjan Maes,BEL
Maurice Frere,BEL
Mia Schamphelaere,BEL
Michele Detaille,BEL
Peter Praet,BEL
Pierre Wunsch,BEL
Pieter Timmermans,BEL
Pieter Verhelst,BEL
Rik Branson,BEL
Robert Vandeputte,BEL
Robert Vertenueil,BEL
Rudi Thomaes,BEL
Rudy Leeuw,BEL
Sonja Becker,BEL
Steven Vanackere,BEL
Thierry Bodson,BEL
Tim Hermans,BEL
Tom Dechaene,BEL
Veronique Thirion,BEL
Vincent Magnee,BEL
Yves Prete,BEL
Adidjatou Mathys,BEN
Alain Komaclo,BEN
Emmanuel Assilamehoo,BEN
Houessou Hadonou,BEN
Oumara Assouma,BEN
Abdoulaye Fadiga,BFA
Damo Baro,BFA
Jean Compaore,BFA
Justin Baro,BFA
Philippe Dakourytabley,BFA
Robert Julienne,BFA
A Ahmed,BGD
A Hamidullah,BGD
A Islam,BGD
Abdur Talukder,BGD
Abu Nasser,BGD
Abul Quasem,BGD
Ahmed Jamal,BGD
Ahsan Mansur,BGD
Atiur Rahman,BGD
Fakhruddin Ahmed,BGD
Fazle Kabir,BGD
Ghulam Hussain,BGD
Hedayetullah Mamoon,BGD
Kazi Muktadir,BGD
Kazi Rahman,BGD
Khorshed Alam,BGD
Lutfar Sarkar,BGD
M Khan,BGD
Md Islam,BGD
Md Rahman,BGD
Mohammad Chowdhury,BGD
Mohammad Tareque,BGD
Mohammad Taslim,BGD
Mohammed Farashuddin,BGD
Momtaz Ahmed,BGD
Mostakur Rahman,BGD
Musharraf Bhuiyan,BGD
Mustafa Mujeri,BGD
Nasiruddin Ahmed,BGD
Nazrul Huda,BGD
Nojibur Rahman,BGD
Nurul Islam,BGD
Rushidan Rahman,BGD
S Rahman,BGD
Sadiq Ahmed,BGD
Salahuddin Ahmed,BGD
Salehuddin Ahmed,BGD
Sanat Saha,BGD
Shafiqur Patwari,BGD
Shegufta Chaudhuri,BGD
Andrey Gurov,BGR
Atanas Mechkarov,BGR
Boryana Pencheva,BGR
Dimitar Kostov,BGR
Dimitar Radev,BGR
Dimiter Kostov,BGR
Elitsa Nikolova,BGR
Emilia Milanova,BGR
Emiliya Milanova,BGR
Garabed Minassian,BGR
Iliya Lingorski,BGR
Ivan Dragnevski,BGR
Ivan Iskrov,BGR
Ivan Stefanov,BGR
Kalin Hristov,BGR
Kiril Nestorov,BGR
Kiril Zarev,BGR
Lyubomir Filipov,BGR
Lyudmila Elkova,BGR
Nelly Kordovska,BGR
Nikolay Nenovsky,BGR
Nina Stoyanova,BGR
Oleg Nedyalkov,BGR
Penka Kratunova,BGR
Petar Chobanov,BGR
Radoslav Milenkov,BGR
Rumen Simeonov,BGR
Statty Stattev,BGR
Svetoslav Gavriiski,BGR
Todor Valchev,BGR
Tsvetan Gunev,BGR
Tsvetan Manchev,BGR
Tzonyu Tzonchev,BGR
Vasil Kolarov,BGR
Vela Lukanova,BGR
Veselin Nikiforov,BGR
Abdul Albaker,BHR
Abdulla Saif,BHR
Abdullah Khalifa,BHR
Abdullah Saif,BHR
Ahmed Khalifa,BHR
Khalid Humaidan,BHR
Rasheed Maraj,BHR
Archdeacon Palacious,BHS
Carleton Williams,BHS
Collin Callender,BHS
Duane Sands,BHS
Edgar Moxey,BHS
James Smith,BHS
John Rolle,BHS
Julian Francis,BHS
Julian Reapp,BHS
Michael Lightbourne,BHS
Pandora Johnson,BHS
Paula Adderley,BHS
Timothy Donaldson,BHS
Vincent Vanderpoolwallace,BHS
Warren Rolle,BHS
Wendy Craigg,BHS
William Allen,BHS
Ankica Kolobaric,BIH
Fikret Causevic,BIH
Jasmina Selimovic,BIH
Jure Pelivan,BIH
Kasim Omicevic,BIH
Kemal Kozaricbis,BIH
Ljubomir Kovacevic,BIH
Manoijo Coric,BIH
Marko Vidojevic,BIH
Mehmed Jahit,BIH
Peter Nicholl,BIH
Radomir Bozic,BIH
Senad Softic,BIH
Trivo Marinkovic,BIH
Vasilj Zarkovic,BIH
Vladusic Ljubisa,BIH
Zeljko Maric,BIH
Zeljko Sain,BIH
Alexander Lobanov,BLR
Dmitry Kalechits,BLR
Dmitry Lapko,BLR
Elena Mashnina,BLR
Gennady Aleynikov,BLR
Ilona Durasovalednitskaya,BLR
Nadezhda Yermakova,BLR
Nikolai Omelyanovich,BLR
Pavel Kalaur,BLR
Pavel Kallaur,BLR
Petr Mamanovich,BLR
Pyotr Prokopovich,BLR
Sergei Kalechits,BLR
Sergey Dubkov,BLR
Stanislav Bogdankevich,BLR
Tamara Vinnikova,BLR
Taras Nadolyn,BLR
Vladimir Senko,BLR
Yury Alymov,BLR
Alan Slusher,BLZ
Carla Barnett,BLZ
Carla Burnett,BLZ
Edney Cain,BLZ
Francis Fonseca,BLZ
Glenford Ysaguirre,BLZ
Gustavo Vasquez,BLZ
Jaime Briceno,BLZ
John Mencias,BLZ
Jorge Auil,BLZ
Joy Grant,BLZ
Kareem Michael,BLZ
Keith Arnold,BLZ
Manual Esquivel,BLZ
Marilyn Gardinerusher,BLZ
Nestor Vasquez,BLZ
Ricardo Pelayo,BLZ
Robert Swift,BLZ
Sydney Campbell,BLZ
Vanessa Retreage,BLZ
Alan Cossar,BMU
Cheryl Lister,BMU
Darren Johnston,BMU
Gerald Simons,BMU
Mansfield Brock,BMU
Matthew Elderfield,BMU
Abraham Alandia,BOL
Agustin Weise,BOL
Alberto Gonzales,BOL
Alcides Molina,BOL
Alfredo Jordan,BOL
Armando Centellas,BOL
Armando Morales,BOL
Armando Siles,BOL
David Torrico,BOL
Enrique Ayaviri,BOL
Ernesto Aguilar,BOL
Eufronio Guzman,BOL
Fernando Baldivieso,BOL
Fernando Castillo,BOL
Fernando Prudencio,BOL
Franklin Paz,BOL
Gabriel Telleria,BOL
Guido Salinas,BOL
Guillermo Ortiz,BOL
Gustavo Alcala,BOL
Herbert Costas,BOL
Humberto Riva,BOL
Humberto Rocha,BOL
Jacques Loubiere,BOL
Javier Iturri,BOL
Jorge Ferrufino,BOL
Jose Aguilera,BOL
Jose Gutierrez,BOL
Jose Vizcarra,BOL
Juan Morales,BOL
Lenny Bautista,BOL
Luis Cordero,BOL
Luis Cruz,BOL
Luis Olea,BOL
Luis Pacheco,BOL
Luis Rodo,BOL
Manuel Montero,BOL
Marcelo Prado,BOL
Marcelo Zabalaga,BOL
Miguel Cohn,BOL
Oscar Lopez,BOL
Pablo Sanchez,BOL
Rafael Tellez,BOL
Raul Claure,BOL
Raul Pelaez,BOL
Raul Rodriguez,BOL
Reynaldo Arellano,BOL
Reynaldo Segales,BOL
Roger Ulo,BOL
Santiago Sologuren,BOL
Tamara Pena,BOL
Wenceslao Quiroz,BOL
Affonso Pastore,BRA
Ailton Santos,BRA
Aldo Mendes,BRA
Alexandre Schwartsman,BRA
Alexandre Tombini,BRA
Altamir Lopes,BRA
Alvir Hoffmann,BRA
Anthero Meirelles,BRA
Antonio Lemgruber,BRA
Antonio Vale,BRA
Arminio Neto,BRA
Ary Burger,BRA
Ary Burguer,BRA
Beny Parnes,BRA
Bruno Fernandes,BRA
Carlos Araujo,BRA
Carlos Brandao,BRA
Carlos Carvalho,BRA
Carlos Freitas,BRA
Carlos Langoni,BRA
Carolina Barros,BRA
Daniel Gleizer,BRA
Denio Nogueir,BRA
Denio Nogueira,BRA
Diogo Guillen,BRA
Eduardo Loyo,BRA
Elmo Camoes,BRA
Ernane Galveas,BRA
Fernanda Guardado,BRA
Fernao Bracher,BRA
Francisco Gros,BRA
Francisco Lopes,BRA
Gabriel Galipolo,BRA
Gustavo Franco,BRA
Hinrique Meirelles,BRA
Ibrahim Eris,BRA
Ilan Goldfajn,BRA
Isaac Ferreira,BRA
Joao Mello,BRA
Joao Teixeira,BRA
Luiz Candiota,BRA
Luiz Feltrim,BRA
Luiz Figueiredo,BRA
Luiz Silva,BRA
Lycio Faria,BRA
Maria Arraes,BRA
Mario Mesquita,BRA
Mario Toros,BRA
Mauricio Moura,BRA
Otavio Damaso,BRA
Paulo Cavalheiro,BRA
Paulo Cunha,BRA
Paulo Lima,BRA
Paulo Lira,BRA
Paulo Picchetti,BRA
Pedro Malan,BRA
Persio Arida,BRA
Reinaldo Grazie,BRA
Renato Gomes,BRA
Renato Goncalves,BRA
Roberto Neto,BRA
Rodrigo Azevedo,BRA
Rodrigo Teixeira,BRA
Rui Leme,BRA
Sergio Alves,BRA
Sergio Werlang,BRA
Sidnei Marqsue,BRA
Sidnei Marques,BRA
Tereza Togni,BRA
Tiago Berriel,BRA
Tony Volpon,BRA
Wadico Bucch,BRA
Calvin Springer,BRB
Carlos Holder,BRB
Cleviston Haynes,BRB
Courtney Blackman,BRB
Darcy Boyce,BRB
De Worrell,BRB
Delisle Worrell,BRB
Dr Greenidge,BRB
Elson Gaskin,BRB
Kevin Greenidge,BRB
Kurleigh King,BRB
Marion Williams,BRB
Winston Cox,BRB
Abdul Ibrahim,BRN
Dayang Md,BRN
Haji Daud,BRN
Haji Hanifah,BRN
Haji Metussin,BRN
Haji Rahman,BRN
Khairuddin Hamid,BRN
Mohammad Umar,BRN
Mohd Sabtu,BRN
Prince Billah,BRN
Rashidah Sabtu,BRN
Ashi Wangchuck,BTN
Dasho Kesang,BTN
Dasho Penjore,BTN
Dasho Tenzin,BTN
Dasho Tshogyel,BTN
Dasho Wangchuk,BTN
H Tezin,BTN
Lyonpo Dorji,BTN
Lyonpo Norbu,BTN
Lyonpo Zimba,BTN
Jean Compaore,BUR
B Moeletsi,BWA
Baledzi Gaolathe,BWA
Brenton Leavitt,BWA
C Botlholemmopi,BWA
Charles Kikonyogo,BWA
Christopher Hermans,BWA
Cornelius Dekop,BWA
Festus Mogae,BWA
G Cunliffe,BWA
J Sentsho,BWA
K Jefferis,BWA
Keith Jefferis,BWA
Linah Mohohlo,BWA
Malebogo Bakwena,BWA
Moses Pelaelo,BWA
N Fidzani,BWA
Quill Hermans,BWA
R Matthews,BWA
R Mmutle,BWA
T Seretse,BWA
U Corea,BWA
Victoria Lekoma,BWA
Abbas Tolli,CAF
Ali Chaibou,CAF
Allamine Treye,CAF
Emmanuel Rocher,CAF
Georges Gautier,CAF
Gervais Doungoupou,CAF
Jean Mamalepot,CAF
Lucas Nchama,CAF
Michael Mukete,CAF
Pascal Fourcaut,CAF
Philibert Andzembe,CAF
Rigobert Andely,CAF
Tahir Nguilin,CAF
Yvon Bangui,CAF
Agathe Cote,CAN
Bernard Bonin,CAN
Bill Morneau,CAN
Bonnie Dupont,CAN
Carol Hansell,CAN
Carolyn Rogers,CAN
Charles Freedman,CAN
Chrystia Freeland,CAN
Colin Dodds,CAN
Daniel Johnson,CAN
David Dodge,CAN
David Laidley,CAN
David Longworth,CAN
Gerald Reapp,CAN
Gilles Loiselle,CAN
Gordon Thiessen,CAN
Graeme Thompson,CAN
Graham Towers,CAN
James Coyne,CAN
Jean Boivin,CAN
Jean Simon,CAN
Jim Flaherty,CAN
Jock Finlayson,CAN
John Crow,CAN
John Manley,CAN
John Palmer,CAN
Lawrence Schembri,CAN
Louis Rasminsky,CAN
Lynn Patterson,CAN
Malcolm Knight,CAN
Malcom Knight,CAN
Mark Carney,CAN
Monique Jeromeforget,CAN
Monique Mercier,CAN
Nicholas Pan,CAN
Nicolas Vincent,CAN
Norman Betts,CAN
Paul Beaudry,CAN
Paul Haggis,CAN
Paul Jenkins,CAN
Paul Martin,CAN
Peter Dhillon,CAN
Phillip Deck,CAN
Phyllis Clark,CAN
Pierre Duguay,CAN
Ralph Goodale,CAN
Richard Mcgaw,CAN
Robert Campbell,CAN
Sandra Hanington,CAN
Sharon Kozicki,CAN
Sheryl Kennedy,CAN
Stephanie Bowman,CAN
Stephen Poloz,CAN
Sylvain Leduc,CAN
Tiff Macklem,CAN
Tiff Macklen,CAN
Tim Noel,CAN
Timothy Lane,CAN
Wes Scott,CAN
William Black,CAN
Alexander Swoboda,CHE
Alfredo Gysi,CHE
Andrea Maechler,CHE
Angelo Ranaldo,CHE
Antoine Martin,CHE
Armin Jans,CHE
August Burckhardt,CHE
Barbara Janom,CHE
Barbara Steiner,CHE
Cedric Tille,CHE
Charles Wartensee,CHE
Christian Vitta,CHE
Christoph Ammann,CHE
Christoph Lengwiler,CHE
Christoph Mader,CHE
Daniel Lampart,CHE
Dewet Moser,CHE
Eduard Belser,CHE
Edwin Stopper,CHE
Ernst Stocker,CHE
Ernst Weber,CHE
Eveline Schlumpf,CHE
Franz Marty,CHE
Fritz Leutwiler,CHE
Fritz Zurbrugg,CHE
George Rich,CHE
Gerold Buhrer,CHE
Gottlieb Bachmann,CHE
Hans Meyer,CHE
Hans Raggenbass,CHE
Heinrich Kundert,CHE
Heinz Karrer,CHE
Henri Andre,CHE
Jean Danthine,CHE
Jean Roth,CHE
Jean Studer,CHE
Kathi Bangerter,CHE
Konrad Hummler,CHE
Kurt Hauri,CHE
Laura Sadis,CHE
Marina Masoni,CHE
Markus Lusser,CHE
Martin Kraenzlin,CHE
Martin Schlegel,CHE
Michel Peytrignet,CHE
Monika Butler,CHE
Niklaus Blattner,CHE
Olivier Steimber,CHE
Paul Keller,CHE
Paul Rossy,CHE
Peter Gerber,CHE
Petra Tschudin,CHE
Philipp Hildebrand,CHE
Philippe Pidoux,CHE
Pierre Languetin,CHE
Rajna Brandon,CHE
Renaud Planta,CHE
Rita Fuhrer,CHE
Rodolphe Haller,CHE
Romeo Lacher,CHE
Rosmarie Schlup,CHE
Ruth Luthi,CHE
Serge Gaillard,CHE
Shelby Pasquier,CHE
Simonetta Sommaruga,CHE
Thomas Jordan,CHE
Thomas Moser,CHE
Thomas Wiedmer,CHE
Ueli Forster,CHE
Ulrich Kohli,CHE
Vania Alleva,CHE
Walter Schwegler,CHE
Werner Messmer,CHE
Yvette Jaggi,CHE
* Nci,CHL
Alberto Delloro,CHL
Alberto Naudon,CHL
Alfonso Cuevas,CHL
Alvaro Munoz,CHL
Andres Larre,CHL
Arturo Tornero,CHL
Carlos Abud,CHL
Carlos Contreras,CHL
Carlos Massad,CHL
Carlos Rodriguez,CHL
Carlos Romo,CHL
Claudio Gamboa,CHL
Eduardo Geisse,CHL
Eduardo Quijada,CHL
Enrique Marshall,CHL
Enrique Morel,CHL
Francisco Barcelo,CHL
Hernan Correa,CHL
Joaquin Ruiztagle,CHL
Joaquin Vial,CHL
Jorge Desormeaux,CHL
Jorge Jimenez,CHL
Jorge Marshall,CHL
Jorge Rivera,CHL
Jose Gregorio,CHL
Jose Lewis,CHL
Jose Rebecco,CHL
Jose Rebeco,CHL
Luis Shiell,CHL
Manuel Franzani,CHL
Manuel Marfan,CHL
Manuel Martinez,CHL
Maria Ovalle,CHL
Mario Cullell,CHL
Mario Marcel,CHL
Miguel Rist,CHL
Pablo Garcia,CHL
Pablo Pinera,CHL
Pablo Silva,CHL
Pablo Urzua,CHL
Roberto Mayanz,CHL
Rodrigo Montes,CHL
Rodrigo Urzua,CHL
Rodrigo Vergara,CHL
Rosanna Costa,CHL
Sebastian Claro,CHL
Sebastian Edwards,CHL
Sebastin Claro,CHL
Sergio Fabres,CHL
Sergio Silva,CHL
Stephany Griffithjones,CHL
Vittorio Lioi,CHL
Cao Juru,CHN
Chen Muhua,CHN
Chen Xiyu,CHN
Chen Yuan,CHN
Chen Yulu,CHN
Dai Xianglong,CHN
Fan Yifei,CHN
Guo Shuqing,CHN
Hu Lijiao,CHN
Hu Xiaolian,CHN
Junbo Xiang,CHN
Li Baohua,CHN
Li Guixian,CHN
Li Ruogu,CHN
Liu Guiping,CHN
Liu Guoqiang,CHN
Liu Shiyu,CHN
Liu Tinghuan,CHN
Lu Lei,CHN
Lu Peijian,CHN
Ma Delun,CHN
Nan Hanchen,CHN
Pan Gongsheng,CHN
Su Ning,CHN
Wu Xiaoling,CHN
Xiang Junbo,CHN
Xuan Changneng,CHN
Yi Gang,CHN
Zhang Qingsong,CHN
Zhou Xiaochuan,CHN
Zhu Hexin,CHN
Zhu Rongji,CHN
Abdoulaye Fadig,CIV
Abdoulaye Fadiga,CIV
Alassane Ouattara,CIV
Charles Banny,CIV
Jean Brou,CIV
Jean Compaore,CIV
Justin Baro,CIV
Kanvaly Diomande,CIV
Lansina Bakary,CIV
Mama Ouattara,CIV
Philippe Dacourytabley,CIV
Philippe Dakourytabley,CIV
Philippehenri Dacourytabley,CIV
Robert Julienne,CIV
Tiemoko Kone,CIV
Abbas Tolli,CMR
Casimir Oyemba,CMR
Christian Joudiou,CMR
Jean Mamalepot,CMR
Lucas Nchama,CMR
Philibert Andzembe,CMR
Yvon Bangui,CMR
Anderson Samba,COD
Andre Nkwaluloki,COD
Casimir Head,COD
Charles Nkoso,COD
Deogratias Nyembo,COD
Dieudonne Alimasi,COD
Etienne Kiala,COD
Godefroid Kabul,COD
I Asani,COD
Jean Anyenga,COD
Jean Shabani,COD
Jeanmarie Emungu,COD
Joseph Mushaba,COD
Joseph Mushasa,COD
Jules Assango,COD
Jules Mondanga,COD
Jules Nbagui,COD
Karel Vercruysse,COD
Kikata Ngima,COD
Malangu Mbuyi,COD
Nestor Diambwana,COD
Omer Mbiye,COD
Pambu Pambu,COD
Pierre Syakasighe,COD
William Pambu,COD
Albert Mulimbi,COG
Albert Ndele,COG
Charles Nkosso,COG
Deogratias Nyembo,COG
Godefroid Kabul,COG
Jean Mulongo,COG
Jean Shabani,COG
Joseph Mushasa,COG
Jules Mondanga,COG
Jules Sambwa,COG
Lamy Lamiel,COG
Malangu Mbuyi,COG
Omer Mbiye,COG
Patrice Djamboleka,COG
Pierre Syakasighe,COG
Yvon Bangui,COG
* Nci,COL
Adolfo Roca,COL
Ana Olano,COL
Antonio Hernandez,COL
Arturo Andrade,COL
Bibiana Taboada,COL
Carlos Caballero,COL
Carlos Sanz,COL
Carolina Losada,COL
Cesar Giraldo,COL
Cesar Mejia,COL
Eduardo Robledo,COL
Fernando Galarza,COL
Francisco Ortega,COL
Gerardo Correa,COL
Gerardo Hernandez,COL
German Rios,COL
Hernando Vargasherrera,COL
Hugo Mejia,COL
Ignacio Lizarralde,COL
Jorge Boshell,COL
Jose Escobar,COL
Jose Ocampo,COL
Jose Uribe,COL
Juan Garzon,COL
Juan Jaramillo,COL
Juan Laserna,COL
Juan Perdomo,COL
Juan Soto,COL
Juan Zarate,COL
Leonardo Villargmez,COL
Luis Arango,COL
Mauricio Salamanca,COL
Mauricio Villegas,COL
Miguel Montoya,COL
Olga Acosta,COL
Oscar Escobar,COL
Oscar Zuluaga,COL
Rafael Quijano,COL
Roberto Junguito,COL
Roberto Sampedro,COL
Salomon Kalmanovitz,COL
Sergio Clavijo,COL
Abdou Chanfiou,COM
Ahamadi Abdoulbastoi,COM
Ibrahim Ali,COM
Mohamed Halifa,COM
Mze Chanfiou,COM
Said Ali,COM
Said Mshangama,COM
Younoussa Imani,COM
Amaro Luz,CPV
Carlos Brito,CPV
Carlos Burgo,CPV
Corentino Santos,CPV
Joao Serra,CPV
Olavo Correia,CPV
Oscar Santos,CPV
Oswaldo Sequeira,CPV
Angel Guardia,CRI
Bernal Chavarria,CRI
Bernal Monge,CRI
Carlos Duran,CRI
Carlos Morales,CRI
Claudio Vargas,CRI
Eduardo Fait,CRI
Eduardo Lizano,CRI
Federico Z,CRI
Fernando Acosta,CRI
Francisco G,CRI
Francisco Gutierrez,CRI
Guillermo Truque,CRI
Hernan Salazar,CRI
Jaime Bennett,CRI
Jorge Chavarria,CRI
Jorge Guardia,CRI
Jorge Quesada,CRI
Jorge Quiros,CRI
Jorge R,CRI
Juan Alvarado,CRI
Juan Trejos,CRI
Laura Zamora,CRI
Manuel Coto,CRI
Marco Aguero,CRI
Marta Bolanos,CRI
Martha Bolanos,CRI
Max Rojas,CRI
Olivier Castro,CRI
Olivier Perez,CRI
Porfirio Batres,CRI
Rodolfo Iraeta,CRI
Rodrigo Blanco,CRI
Rodrigo Brealey,CRI
Rodrigo Zamora,CRI
Roger Lopez,CRI
Silvia Brenes,CRI
Victoria Mora,CRI
Carlos Soto,CUB
Ernesto Serna,CUB
Ernesto Villaveiran,CUB
Felipe Pazos,CUB
Francisco Valdes,CUB
Hector Death,CUB
Hector Llompart,CUB
Irma Castrillon,CUB
Joaquin Saenz,CUB
Joaquin Vazquez,CUB
Juan Santana,CUB
Juana Portal,CUB
Marta Gonzalez,CUB
Orlando Rodriguez,CUB
Raul Bonilla,CUB
Raul Castro,CUB
Raul Torras,CUB
Rene Fernandez,CUB
Sergio Vidal,CUB
Emsley Tromp,CUW
Jerry Hasselmeyer,CUW
Leila Matrooslasten,CUW
Carlyle Jr,CYM
Cindy Scotland,CYM
George Mccarthy,CYM
John Bourbon,CYM
Neville Grant,CYM
Omari Corbin,CYM
Timothy Ridley,CYM
Afxentis Afxentiou,CYP
Athanasios Orphanides,CYP
Christakis Stephani,CYP
Christodoulos Christodoulou,CYP
Christodoulos Patsalides,CYP
Chrystella Georghadji,CYP
Constantinos Herodotou,CYP
Harry Gavrielides,CYP
Panicos Demetriades,CYP
Spyros Stavrinakis,CYP
Ales Michl,CZE
Alois Rasin,CZE
Augustin Novak,CZE
Bohdan Becka,CZE
Cyril Horacek,CZE
Eva Zamrazilov,CZE
Eva Zamrazilova,CZE
Frait Jan,CZE
Jan Frait,CZE
Jan Kubicek,CZE
Jan Prochzka,CZE
Jan Stejskal,CZE
Jaroslav Kabes,CZE
Jaroslav Nebesar,CZE
Jiri Rusnok,CZE
Josef Tosovsky,CZE
Kamil Janacek,CZE
Karel Englis,CZE
Kunes Sonntag,CZE
Lubomir Lizal,CZE
Ludek Niedermayer,CZE
Marek Mora,CZE
Michaela Erbenova,CZE
Miroslav Hrncir,CZE
Mojmir Hampl,CZE
Oldrich Dedek,CZE
Otakar Pohl,CZE
Pavel Kysilka,CZE
Pavel Racocha,CZE
Pavel Rezabek,CZE
Pavel Stepanek,CZE
Robert Holman,CZE
Singer Miroslav,CZE
Svatopluk Potac,CZE
Tomas Nidetzky,CZE
Vilem Pospisil,CZE
Vladimir Hanacik,CZE
Vladimir Tomsik,CZE
Vladimr Tomk,CZE
Vojtech Benda,CZE
Zdenek Tuma,CZE
Andreas Dombret,DEU
Arnd Gildemeister,DEU
Axel Weber,DEU
Burkhard Balz,DEU
Carl Thiele,DEU
Christian Milow,DEU
Claudia Buch,DEU
Dieter Hiss,DEU
Eberhard Heinke,DEU
Edgar Meister,DEU
Gerd Hausler,DEU
Gunter Storch,DEU
Guntram Palm,DEU
Hans Fabritius,DEU
Hans Koebnick,DEU
Hans Kotz,DEU
Hans Reckers,DEU
Hans Tietmeyer,DEU
Helmut Hesse,DEU
Helmut Schieber,DEU
Helmut Schlesinger,DEU
Hermann Remsperger,DEU
Horst Schulmann,DEU
Isabel Schnabel,DEU
Jens Weidmann,DEU
Joachim Nagel,DEU
Joachim Wuermeling,DEU
Johann Gaddum,DEU
Johannes Beermann,DEU
Jrg Asmussen,DEU
Jurgen Stark,DEU
Karl Blessing,DEU
Karl Klasen,DEU
Karl Pohl,DEU
Klaus Kuhbacher,DEU
Lothar Muller,DEU
Michael Theurer,DEU
Olaf Sievert,DEU
Otmar Emminger,DEU
Otmar Issing,DEU
Paul Hartmann,DEU
Peter Schmidhuber,DEU
Reimut Jochimsen,DEU
Rolf Eggert,DEU
Rudolf Bohmler,DEU
Sabine Lautenschlger,DEU
Sabine Mauderer,DEU
Thilo Sarrazin,DEU
Wendelin Hartmann,DEU
Abdi Aden,DJI
Djama Haid,DJI
Anja Philip,DNK
Bent Christiansen,DNK
Bodil Andersen,DNK
Bolette Mller,DNK
Camilla Penn,DNK
Christian Schultz,DNK
Christian Thomsen,DNK
Claus Jensen,DNK
Erik Hoffmeyer,DNK
Federico Ravenna,DNK
Frank Nielsen,DNK
Frede Sunesen,DNK
Gitte Aabo,DNK
Holger Koed,DNK
Hugo Jensen,DNK
Jan Thorndal,DNK
Jens Lundager,DNK
Jens Thomsen,DNK
Julie Simonsen,DNK
Karsten Biltoft,DNK
Kim Abildgren,DNK
Kristian Hundeboll,DNK
Kristian Kjeldsen,DNK
Lars Jrgensen,DNK
Lars Rohde,DNK
Lars Srensen,DNK
Lizette Risgaard,DNK
Lone Mortensen,DNK
Martin Jrgensen,DNK
Michael Dithmer,DNK
Morten Pedersen,DNK
Niels Hansen,DNK
Nils Bernstein,DNK
Ole Thomasen,DNK
Per Bank,DNK
Per Callesen,DNK
Philipp Schroder,DNK
Richard Mikkelsen,DNK
Siegfried Hartogsohn,DNK
Signe Krogstrup,DNK
Svend Andersen,DNK
Svend Nielsen,DNK
Torben Nielsen,DNK
Ulrik Ndgaard,DNK
Amado Hernandez,DOM
Arturo Despradel,DOM
Bernardo Vega,DOM
Carlos Despradel,DOM
Diogenes Fernandez,DOM
Eduardo Fernandez,DOM
Fernando Periche,DOM
Francisco Pratsr,DOM
Francisco Pratsramirez,DOM
Guillermo Caram,DOM
Hector Albizu,DOM
Hector Llabaly,DOM
Jaime Fernandez,DOM
Jesus Troncoso,DOM
Jose Gomez,DOM
Jose Malkun,DOM
Jose Taveras,DOM
Luis Cordoba,DOM
Luis Perez,DOM
Manuel Arevalo,DOM
Manuel Cabral,DOM
Manuel Ramos,DOM
Manuel Tejada,DOM
Mario Vittini,DOM
Milton Messina,DOM
Ramon Ramirez,DOM
Roberto Saladin,DOM
Saladin Selim,DOM
Salvador Ortiz,DOM
Silvestre Moya,DOM
Virgilio Sanchez,DOM
Wenceslao Troncoso,DOM
Abdelouahab Keramane,DZA
Abderrahmane Hadjnacer,DZA
Aimene Benabderrahmane,DZA
Amar Hiouani,DZA
Bader Nouioua,DZA
Faical Abbas,DZA
Mahfoud Aoufi,DZA
Mohamed Laksaci,DZA
Mohamed Loukal,DZA
Mohammed Laksaci,DZA
Mouatassem Boudiaf,DZA
Mustapha Ahmed,DZA
Rachid Bouraoui,DZA
Rosthom Fadli,DZA
Said Maherzi,DZA
Salah Taleb,DZA
Seghir Mostefai,DZA
Sidi Ferhane,DZA
Zoheir Boudahri,DZA
Abelardo Pachano,ECU
Ana Armijos,ECU
Augusto Torre,ECU
Carlos Lopez,ECU
Carlos Moran,ECU
Danilo Drouet,ECU
Diego Borja,ECU
Diego Cornejo,ECU
Diego Vinueza,ECU
Econ Garzozi,ECU
Eduardo Samaniego,ECU
Eduardo Stacey,ECU
Eduardo Valencia,ECU
Eduardo Vasquez,ECU
Federico Arrata,ECU
Fernando Sevilla,ECU
Fidel Jaramillo,ECU
Germanico Penaherrera,ECU
Germanico Zambrano,ECU
Guillermo Chiriboga,ECU
Guillermo Solines,ECU
Jeannette Sanchez,ECU
Joaquin Menendez,ECU
Jorge Donoso,ECU
Jorge Martinez,ECU
Jose Batlle,ECU
Jose Vernaza,ECU
Jose Ycaza,ECU
Luis Hidalgo,ECU
Mateo Villalba,ECU
Mauricio Guevara,ECU
Mauricio Pareja,ECU
Mauricio Yepez,ECU
Nicolas Avellan,ECU
Pablo Grunbaum,ECU
Pedro Campana,ECU
Polibio Cordova,ECU
Robert Andrade,ECU
Rodrigo Bermeo,ECU
Veronica Jarrin,ECU
Abd Emary,EGY
Abd Refaie,EGY
Ahmed Nazmy,EGY
Ahmed Saad,EGY
Ahmed Zendo,EGY
Ali Negm,EGY
Farouk Okdah,EGY
Frederick Leithross,EGY
Gamal Negm,EGY
Hassan Abdalla,EGY
Hisham Hafez,EGY
Hisham Ramez,EGY
Ismail Mohamed,EGY
Ismail Mohammed,EGY
Mahmoud Abuleyoun,EGY
Mahmoud Hamed,EGY
Mohamed Eyoun,EGY
Mohamed Fekry,EGY
Mohamed Ibrahim,EGY
Mohamed Shalaby,EGY
Tarek Amer,EGY
Tarek Elkhouly,EGY
Eugenio Solans,ESP
Fernando Restoy,ESP
Gonzalo Garcia,ESP
Jaime Lacorte,ESP
Javier Alonso,ESP
Javier Ariztegui,ESP
Jose Escriva,ESP
Jose Gonzalezparamo,ESP
Jose Letona,ESP
Jose Rendueles,ESP
Jose Vinals,ESP
Luis Guindos,ESP
Luis Linde,ESP
Luis Palma,ESP
Luis Rojo,ESP
Margarita Delgado,ESP
Mariano Rubio,ESP
Miguel Ordonez,ESP
Pablo Cos,ESP
Soledad Nunez,ESP
Andres Lipstok,EST
Andres Sutt,EST
Andrus Alber,EST
Ardo Hansson,EST
Artur Uibopuu,EST
Boris Vujcic,EST
Eduard Aule,EST
Joachim Nagel,EST
Juhan Vaabel,EST
Juri Jaakson,EST
Madis Muller,EST
Martin Kostner,EST
Mihkel Pung,EST
Mrten Ross,EST
Oskar Kerson,EST
Peter Lhmus,EST
Pierre Wunsch,EST
Rein Minka,EST
Rein Otsason,EST
Siim Kallas,EST
Ulo Kaasik,EST
Vahur Kraft,EST
Veiko Tali,EST
Bekele Bulado,ETH
Bekele Tamirat,ETH
Dubale Jale,ETH
Eyob Tolina,ETH
Fantaye Biftu,ETH
George Rea,ETH
Jack Bennett,ETH
Legesse Tickeher,ETH
Leikun Berhanu,ETH
Mamo Mihretu,ETH
Mekonnen Manyazewal,ETH
Menasse Lemma,ETH
Neil Perry,ETH
Newaye Gebreab,ETH
Solomon Desta,ETH
Tadesse Gebrekidan,ETH
Taffara Deguefe,ETH
Teklewold Atnafu,ETH
Walter Rozell,ETH
Yemane Yoseif,ETH
Yinager Desse,ETH
Yinager Dessie,ETH
Yohannes Ayalew,ETH
Yusuf Sukkar,ETH
Jorg Asmussen,EUR
Ahti Karjalainen,FIN
Anne Hedman,FIN
Antti Juusela,FIN
Antti Kaikkonen,FIN
Antti Lindtman,FIN
Antti Suvanto,FIN
Armi Westin,FIN
Arno Lindgren,FIN
Arto Satonen,FIN
Aura Laento,FIN
Ben Zyskowicz,FIN
Ele Alenius,FIN
Erkki Liikanen,FIN
Erkki Pystynen,FIN
Esko Kiviranta,FIN
Esko Ollilla,FIN
Harri Holkeri,FIN
Helka Jokinen,FIN
Ikka Kanerva,FIN
Johnny Akerholm,FIN
Jouko Vilmunen,FIN
Jouni Backman,FIN
Juha Kilponen,FIN
Juha Niemela,FIN
Juha Sipila,FIN
Juha Tarkka,FIN
Jukka Gustafsson,FIN
Jutta Koivisto,FIN
Jutta Urpilainen,FIN
Kaarlo Jannari,FIN
Kalevi Sorsa,FIN
Kalle Jokinen,FIN
Katri Kulmuni,FIN
Kimmo Virolainen,FIN
Klaus Waris,FIN
Krista Kiuru,FIN
Lauri Kajanoja,FIN
Lea Makipaa,FIN
Mari Holopainen,FIN
Mari Kiviniem,FIN
Marja Nyknen,FIN
Marjo Matikainenkallstrom,FIN
Markku Puntila,FIN
Markus Mustajarvi,FIN
Matti Korhonen,FIN
Matti Louekoski,FIN
Matti Vanhala,FIN
Matti Vanhanen,FIN
Mauno Koivisto,FIN
Mauri Lehtinen,FIN
Mika Poso,FIN
Minna Reijonen,FIN
Olavi Alanissila,FIN
Olli Rehn,FIN
Ossi Leppanen,FIN
Paivi Heikkinen,FIN
Pekka Ilmakunnas,FIN
Pekka Sutela,FIN
Pentti Hakkarainen,FIN
Pentti Koivikko,FIN
Pentti Makihakola,FIN
Pentti Oinonen,FIN
Pentti Pikkarainen,FIN
Pertti Simola,FIN
Petteri Orpo,FIN
Petteri Vuolasto,FIN
Pia Viitanen,FIN
Pirkko Ruohonenlerner,FIN
Rainer Fieandt,FIN
Rolf Kullberg,FIN
Sakari Tuomioja,FIN
Seppo Honkapohja,FIN
Seppo Kaariainen,FIN
Sinikka Salo,FIN
Sirkka Hamalainen,FIN
Sirkka Hmlinen,FIN
Timo Kalli,FIN
Timo Mannisto,FIN
Toimi Kankaanniemi,FIN
Tuomas Saarenheimo,FIN
Tuomas Valimaki,FIN
Tuomas Vlimki,FIN
Veli Lumiala,FIN
Ville Kaunisto,FIN
Ville Vahamaki,FIN
Wille Rydman,FIN
Ariff Ali,FJI
Barry Whiteside,FJI
Esala Masitabua,FJI
Faizul Ali,FJI
H Tomkins,FJI
I Naiyaga,FJI
Ian Craik,FJI
R Earland,FJI
Ratu Kubuabola,FJI
Sada Reddy,FJI
Savenaca Narube,FJI
Savenaca Siwatibau,FJI
Agns Bnassyqur,FRA
Alene Tchourumoff,FRA
Anne Lorier,FRA
Benot Cur,FRA
Bernard Clappier,FRA
Christian Joudiou,FRA
Christian Noyer,FRA
Christine Lagarde,FRA
Cristina Lagarde,FRA
Denis Beau,FRA
Franois Galhau,FRA
Gilles Savary,FRA
Jacques Brunet,FRA
Jacques Larosiere,FRA
Jean Landau,FRA
Jean Redouin,FRA
Jean Trichet,FRA
Larosiere Champfeu,FRA
Michel Camdessus,FRA
Olivier Wormser,FRA
Renaud Geniere,FRA
Robert Ophele,FRA
Robert Ophle,FRA
Sylvie Goulard,FRA
Wilfrid Baumgartner,FRA
* Mamalepot,GAB
* Oyemba,GAB
Philibert Andzembe,GAB
Abraham Houblon,GBR
Adam Posen,GBR
Alan Anderson,GBR
Alan Budd,GBR
Alan Jinkinson,GBR
Alan Taylor,GBR
Albert Sandeman,GBR
Alex Brazier,GBR
Alexander Sheafe,GBR
Alexander Wallace,GBR
Alfred Cole,GBR
Alfred Latham,GBR
Alistair Defriez,GBR
Andrew Bailey,GBR
Andrew Large,GBR
Andrew Sentence,GBR
Andrew Thomson,GBR
Andriy Pyshnyi,GBR
Anil Kashyap,GBR
Anne Glover,GBR
Augustus Prevost,GBR
Bartholomew Burton,GBR
Basil Catterns,GBR
Beeston Long,GBR
Ben Broadbent,GBR
Benjamin Greene,GBR
Benjamin Longuet,GBR
Benjamin Winthrop,GBR
Bonamy Dobree,GBR
Bradley Fried,GBR
Brien Cokayne,GBR
Brook Bart,GBR
Cameron Cobbold,GBR
Catherine Mann,GBR
Cecil Lubbock,GBR
Charles Goodhart,GBR
Charles Palmer,GBR
Charles Pole,GBR
Charles Savage,GBR
Charlie Bean,GBR
Charlotte Hogg,GBR
Christopher Allsopp,GBR
Christopher Mcmahon,GBR
Clare Lombardelli,GBR
Clifford Wigram,GBR
Colette Bowe,GBR
Cornelius Buller,GBR
Dallas Bernard,GBR
Daniel Booth,GBR
Daniel Giles,GBR
David Blanchflower,GBR
David Clementi,GBR
David Miles,GBR
David Powell,GBR
David Prentis,GBR
David Ramsden,GBR
David Roberts,GBR
David Walton,GBR
Delillers Carbonnel,GBR
Diana Harding,GBR
Diana Noble,GBR
Dorothy Thompson,GBR
Edward Bellamy,GBR
Edward Darell,GBR
Edward George,GBR
Edward Palmer,GBR
Ernest Harvey,GBR
Frances Heaton,GBR
Frances Ogrady,GBR
Francis Eyles,GBR
Geoffrey Barnett,GBR
George Blunden,GBR
George Dorrien,GBR
George Lyall,GBR
George Peters,GBR
Gerard Conyers,GBR
Gertjan Vliegue,GBR
Gilbert Heathcote,GBR
Godfrey Thornton,GBR
Gordon Richardson,GBR
Hanneke Smits,GBR
Henry Gibbs,GBR
Henry Grenfell,GBR
Henry Holland,GBR
Henry Prescot,GBR
Henry Trotter,GBR
Horatio Townshend,GBR
Howard Davies,GBR
Hucks Gibbs,GBR
Hugh Smith,GBR
Humphrey Mynors,GBR
Humphry Morice,GBR
Huw Pill,GBR
Ian Hart,GBR
Ian Mccafferty,GBR
Ihor Sorkin,GBR
James Bateman,GBR
James Currie,GBR
James Pattison,GBR
James Proudman,GBR
James Sperling,GBR
Jasper Hollom,GBR
Jeremiah Harman,GBR
Joanna Place,GBR
Job Raikes,GBR
John Birch,GBR
John Bowden,GBR
John Gieve,GBR
John Gilliat,GBR
John Hanger,GBR
John Heath,GBR
John Houblon,GBR
John Hubbard,GBR
John Olmius,GBR
John Palmer,GBR
John Pearse,GBR
John Pelly,GBR
John Reid,GBR
John Richards,GBR
John Rudge,GBR
John Vickers,GBR
John Ward,GBR
John Weyland,GBR
John Whitmore,GBR
Jon Cunliffe,GBR
Jonathan Hall,GBR
Jonathan Haskel,GBR
Joseph Nutt,GBR
Josiah Diston,GBR
Kate Barker,GBR
Katharine Braddick,GBR
Kirkman Hodgson,GBR
Kristin Forbes,GBR
Kyrylo Shevchenko,GBR
Lan Plenderileith,GBR
Leslie Obrien,GBR
Lord Catto,GBR
Lord Cobbold,GBR
Lord Cromer,GBR
Lord Cunliffe,GBR
Lord Gadhia,GBR
Marian Bell,GBR
Mark Carney,GBR
Mark Collet,GBR
Mark Warham,GBR
Mark Weyland,GBR
Martin Taylor,GBR
Martin Weale,GBR
Martin Wheatley,GBR
Matthew Clarmont,GBR
Matthews Beachcroft,GBR
Maurice Parsons,GBR
Merrick Burrell,GBR
Mervyn King,GBR
Michael Godfrey,GBR
Michael Saunders,GBR
Montagu Norman,GBR
Nathanael Benjamin,GBR
Nathaniel Gould,GBR
Nathaniel Tench,GBR
Nikhil Rathi,GBR
Patrick Drayton,GBR
Paul Tucker,GBR
Peter Delme,GBR
Peter Gaussen,GBR
Philip Remnant,GBR
Rachel Lomax,GBR
Randall Kroszner,GBR
Reginald Johnston,GBR
Richard Lambert,GBR
Richard Murley,GBR
Richard Neave,GBR
Richard Raikes,GBR
Robert Crawford,GBR
Robert Gillespie,GBR
Robert Jenkins,GBR
Robert Lexicon,GBR
Robert Marsh,GBR
Robert Newman,GBR
Robin Leighpemberton,GBR
Rodney Bickerstaffe,GBR
Ron Kalifa,GBR
Rupert Pennantrea,GBR
Sam Woods,GBR
Samuel Beachcroft,GBR
Samuel Bosanquet,GBR
Samuel Drewe,GBR
Samuel Fludyer,GBR
Samuel Gladstone,GBR
Samuel Holden,GBR
Samuel Morley,GBR
Samuel Thornton,GBR
Sarah Breeden,GBR
Sergiy Tigipko,GBR
Serhiy Arbuzov,GBR
Sheffield Neave,GBR
Silvana Tenreyro,GBR
Simon Lindsay,GBR
Spencer Dale,GBR
Stamp Brooksbank,GBR
Stepan Kubiv,GBR
Stephen Blyth,GBR
Stephen Nickell,GBR
Sushil Wadhwani,GBR
Swati Dhingra,GBR
Thomas Cooke,GBR
Thomas Hunt,GBR
Thomas Raikes,GBR
Thomas Scawen,GBR
Thomas Weguelin,GBR
Thomson Hankey,GBR
Tim Besley,GBR
Timothy Besley,GBR
Timothy Curtis,GBR
Tom Shropshire,GBR
Tracey Mcdermott,GBR
Vadym Hetman,GBR
Valeriya Hontareva,GBR
Viktor Yushchenko,GBR
Volodymyr Matvienko,GBR
Volodymyr Stelmakh,GBR
Walter Cunliffe,GBR
Willem Buiter,GBR
William Bouverie,GBR
William Campbell,GBR
William Cooper,GBR
William Cotton,GBR
William Ewer,GBR
William Fawkener,GBR
William Hunt,GBR
William Lidderdale,GBR
William Manning,GBR
William Mellish,GBR
William Robinson,GBR
William Scawen,GBR
William Staple,GBR
William Thompson,GBR
Yakiv Smoliy,GBR
Archil Svili,GEO
David Amaglobeli,GEO
Gia Topuria,GEO
Giorgi Kadagidze,GEO
Irakli Managadze,GEO
Jason Lordkipanidze,GEO
Koba Gvenetadze,GEO
Levan Kistauri,GEO
Merab Kakulia,GEO
Natia Turnava,GEO
Nodar Javakhishvili,GEO
Otra Nadaraia,GEO
Roman Gotsiridze,GEO
Vazha Djindjikhadze,GEO
Vazha Jinjikhadze,GEO
A Adomako,GHA
A Ashiabor,GHA
Abdul Issahaku,GHA
Alfred Eggleston,GHA
Amon Nikoi,GHA
Bartholomew Armah,GHA
Benjamin Amoah,GHA
Douglas Stone,GHA
E Anno,GHA
E Asiedumante,GHA
Elsie Awadzi,GHA
Emmanuel Osseikumah,GHA
Ernest Addison,GHA
G Agama,GHA
Grace Akrofi,GHA
Henry Wampah,GHA
Hubert Kessels,GHA
J Addo,GHA
J Frimpongansah,GHA
John Kwekye,GHA
Johnson Asiama,GHA
K Amissah,GHA
Kofi Wampah,GHA
Kwabena Duffuor,GHA
Kwesi Amissaharthur,GHA
Kwesi Amoakoatta,GHA
Lionel Dosoo,GHA
M Owiredu,GHA
Mahamudu Bawumia,GHA
Maxwell Opokuafari,GHA
Millison Narh,GHA
Nashiru Issahaku,GHA
Nii Sowa,GHA
O Jackson,GHA
Paul Acquah,GHA
Phillip Djan,GHA
S Apea,GHA
S Sey,GHA
Theresa Yeboaa,GHA
Van Dosoo,GHA
W Halm,GHA
Yaw Sarpong,GHA
Zakari Mumuni,GHA
Aboubacar Toure,GIN
Alhassane Barry,GIN
Alkaly Daffe,GIN
Bangaly Traore,GIN
Daouda Bangoura,GIN
Ibrahima Bah,GIN
Kabine Kaba,GIN
Karamo Kaba,GIN
Kerfalla Yansane,GIN
Lamine Conde,GIN
Lounceny Nabe,GIN
Moussa Diakite,GIN
Ousmane Balde,GIN
Amadou Colley,GMB
Bakary Jammeh,GMB
Buah Saidy,GMB
Famara Jatta,GMB
Horace Monday,GMB
Mohamed Conte,GMB
Momodou Bajo,GMB
Momodou Saho,GMB
Sheriff Sisay,GMB
Thomas Senghore,GMB
Lucas Nchama,GNQ
Christina Papaconstantinou,GRC
Dimitrios Chalikias,GRC
Dimitrios Galanis,GRC
Efthymios Christodoulou,GRC
Eleni Dendrinoulouri,GRC
Georgios Mantzavinos,GRC
Georgios Provopoulos,GRC
Gerasimos Arsenis,GRC
Ioannis Boutos,GRC
Ioannis Papadakis,GRC
John Mourmouras,GRC
Konstantinos Papagiannis,GRC
Lucas Papademos,GRC
Nicholas Garganas,GRC
Nicholas Paleocrassas,GRC
Nikolaos Garganas,GRC
Panagiotis Thomopoulos,GRC
Panagis Papaligouras,GRC
Panayotis Thomopoulos,GRC
Theodore Mitrakos,GRC
Theodore Pelagidis,GRC
Theodoros Mitrakos,GRC
Xenophon Zolotas,GRC
Yannis Stournaras,GRC
Cecil Jacobs,GRD
Dwight Venner,GRD
Timothy Antoine,GRD
* Sosa,GTM
Alvaro Ricci,GTM
Augusto Godoy,GTM
Carlos Perez,GTM
Edgar Barquin,GTM
Edgar Duran,GTM
Edin Escobedo,GTM
Edin Escovedo,GTM
Francisco Rivas,GTM
Gabriel Estrada,GTM
Gustavo Porras,GTM
Jorge Juarez,GTM
Jorge Valle,GTM
Jose Martinez,GTM
Jose Ramirez,GTM
Julio Guerra,GTM
Lizardo Lopez,GTM
Lizardo Ramirez,GTM
Manuel Escobar,GTM
Manuel Jauregui,GTM
Manuel Morales,GTM
Maria Bonilla,GTM
Oscar Marroquin,GTM
Oscar Robles,GTM
Plinio Barrilas,GTM
Sergio Rivera,GTM
Willy Sagastume,GTM
Archibald Meredith,GUY
Dolly Singh,GUY
Gobind Ganga,GUY
Horst Bockelmann,GUY
Lawrence Williams,GUY
Patrick Matthews,GUY
William Dandrade,GUY
Amy Yip,HKG
Andrew Sheng,HKG
Anthony Latter,HKG
Archie Ng,HKG
Arthur Yuen,HKG
Christopher Munn,HKG
Colin Pou,HKG
Darryl Chan,HKG
Daryl Ho,HKG
David Carse,HKG
Dong He,HKG
Eddie Yue,HKG
Edmond Lau,HKG
Elizabeth Coupe,HKG
Esmond Lee,HKG
Francis Chu,HKG
Grace Lau,HKG
Guy Meredith,HKG
Hans Genberg,HKG
Henry Cheng,HKG
Howard Lee,HKG
James Jr,HKG
John Nugee,HKG
Joseph Yam,HKG
Karen Kemp,HKG
Lillian Cheung,HKG
Linda So,HKG
Marian Sienmun,HKG
Meena Datwani,HKG
Nelson Man,HKG
Norman Takiam,HKG
Norman Taklam,HKG
Peter Pang,HKG
Peter Singtong,HKG
Raymond Chan,HKG
Raymond Li,HKG
Simon Topping,HKG
Stefan Gannon,HKG
Stefan Gerlach,HKG
Tony Latter,HKG
Vincent Lee,HKG
William Ryback,HKG
Yiukwan Choi,HKG
* Mahomar,HND
Alberto Galeano,HND
Armando Cruz,HND
Carias Pineda,HND
Edwin Bonilla,HND
Edwin Bonlila,HND
Emin Barjum,HND
Gabriela Reyes,HND
Gonzalo Carias,HND
Guillermo Bueso,HND
Hugo Pino,HND
Manuel Bautista,HND
Manuel Ferrari,HND
Manuel Flores,HND
Maria Mondragon,HND
Marlon Munoz,HND
Mayra Reyes,HND
Praxedes Silva,HND
Ramon Bermudez,HND
Rebeca Santos,HND
Renan Fernandez,HND
Ricardo Maduro,HND
Ricardo Matuty,HND
Roberto Mondragon,HND
Roberto Ordonez,HND
Sandra Midences,HND
Suyapa Castro,HND
Victoria Diaz,HND
Wilfredo Rodriguez,HND
Adolf Matejka,HRV
Ante Cicinsain,HRV
Bojan Fras,HRV
Boris Cota,HRV
Boris Vujcic,HRV
Boris Vuji,HRV
Bozidar Jelcic,HRV
Branimir Lokin,HRV
Damir Novotny,HRV
Edo Maleti,HRV
Gorazd Nikic,HRV
Ivan Milas,HRV
Jure Simovic,HRV
Marko Skreb,HRV
Mate Babic,HRV
Michael Faulend,HRV
Neven Barbarosa,HRV
Pero Jurkovic,HRV
Relja Martic,HRV
Sandra Svaljek,HRV
Sandra Valjek,HRV
Silvije Orsag,HRV
Tomislav Presecan,HRV
Vedran Oi,HRV
Vedran Sosic,HRV
Vlado Leko,HRV
Zdravko Rogic,HRV
Zeljko Lovrincevic,HRV
Zeljko Rohatinski,HRV
Allan Nolte,HTI
Antonio Andre,HTI
Bonivert Claude,HTI
Charles Beaulieu,HTI
Charles Castel,HTI
Fritz Jean,HTI
Gerard Martineau,HTI
Jacques Vilgrain,HTI
Jean Dubois,HTI
Jean Sanon,HTI
Joseph Lagroue,HTI
Leslie Delatour,HTI
Marcel Leger,HTI
Nathanael Benjamin,HTI
Onill Millet,HTI
Raymond Magloire,HTI
Roger Perodin,HTI
Ronald Gabriel,HTI
Serge Pothel,HTI
Venel Joseph,HTI
Alexandre Lamfalussy,HUN
Andor Laszlo,HUN
Andras Simor,HUN
Andrea Bartfaimager,HUN
Andrea Mager,HUN
Artur Karasz,HUN
Barnabas Virag,HUN
Bela Imredy,HUN
Bela Kadar,HUN
Bela Sulyok,HUN
Bianka Parragh,HUN
Csaba Csaki,HUN
Csaba Kandracs,HUN
Daniel Palotai,HUN
Denes Szanto,HUN
Erno Csejkey,HUN
Eva Buza,HUN
Ferenc Bartha,HUN
Ferenc Gerhardt,HUN
Ferenc Jeszenszky,HUN
Ferenc Karvalits,HUN
Gabor Oblath,HUN
Gusztav Bager,HUN
Gyorgy Kocziszky,HUN
Gyorgy Kopits,HUN
Gyorgy Suranyi,HUN
Gyorgy Szapary,HUN
Gyrgy Matolcsy,HUN
Gyula Pleschinger,HUN
Gyula Posch,HUN
Henrik Auth,HUN
Ilona Hardy,HUN
Imre Oltvanyi,HUN
Istvan Nagy,HUN
Janos Cinkotai,HUN
Janos Voros,HUN
Judit Nemenyi,HUN
Julia Kiraly,HUN
Kolos Kardkovacs,HUN
Laszlo Andor,HUN
Laszlo Hay,HUN
Laszlo Temesvary,HUN
Laszlo Windisch,HUN
Lipot Baranyai,HUN
Marton Nagy,HUN
Matyas Timar,HUN
Mihaly Patai,HUN
Mihaly Varga,HUN
Peter Adamecz,HUN
Peter Bihari,HUN
Peter Bod,HUN
Peter Gottfried,HUN
Peter Tari,HUN
Sandor Popovics,HUN
Suranyi Gyorgy,HUN
Tamas Karo,HUN
Timar Matyas,HUN
Vilmos Bihari,HUN
Werner Riecke,HUN
Zoltan Kovacs,HUN
Zoltan Kurali,HUN
Zsigmond Jarai,HUN
* Boediono,IDN
* Hendar,IDN
* Soemarno,IDN
* Sugeng,IDN
Achjar Iljas,IDN
Adrianus Mooy,IDN
Agus Martowardojo,IDN
Aida Budiman,IDN
Anwar Nasution,IDN
Ardhayadi M,IDN
Arifin Siregar,IDN
Aulia Pohan,IDN
Budi Mulya,IDN
Budi Rochadi,IDN
Burhanuddin Abdullah,IDN
Darmin Nasution,IDN
Dody Waluyo,IDN
Doni Joewono,IDN
Erwin Rijanto,IDN
Filianingsih Hendarta,IDN
Halim Alamsyah,IDN
Hartadi Sarwono,IDN
Juda Agung,IDN
Jusuf Dalam,IDN
Lukman Hakim,IDN
Maman Somantri,IDN
Maulana Ibrahim,IDN
Miranda Goeltom,IDN
Miranda Gultom,IDN
Mirza Adityaswara,IDN
Muliaman Hadad,IDN
Perry Warjiyo,IDN
Rachmat Saleh,IDN
Radius Prawiro,IDN
Ronald Waas,IDN
Rosmaya Hadi,IDN
S Rochadi,IDN
Siti Fadjrijah,IDN
Siti Fadrijah,IDN
Sjafruddin Prawiranegara,IDN
Soedradjad Djiwandono,IDN
Soetikno Slamet,IDN
Syrahil Sabirin,IDN
A Vaidyanathan,IND
Ajay Tyagi,IND
Amitav Ghosh,IND
Amrita Patel,IND
Anand Mahindra,IND
Anil Kakodkar,IND
Arnab Roy,IND
Arvind Mayaram,IND
Ashima Goyal,IND
Ashok Chawla,IND
Ashok Ganguly,IND
Ashok Gulati,IND
Ashok Jha,IND
Azim Premji,IND
B Adarkar,IND
Benegal Rau,IND
Bharat Doshi,IND
Bimal Jalan,IND
Borra Venkatappaiah,IND
C Deshmukh,IND
C Divekar,IND
Chakravarthi Rangarajan,IND
Chetan Ghate,IND
D Gupta,IND
D Jayavarthanavelu,IND
D Mehta,IND
D Mittal,IND
Damodar Acharya,IND
Dattatreya Karve,IND
Dipankar Gupta,IND
Duvvuri Subbarao,IND
Ela Bhatt,IND
Erasu Reddy,IND
G Rao,IND
I Patel,IND
Indira Rajaraman,IND
J Anjaria,IND
Jagdish Capoor,IND
Jaime Caruana,IND
James Taylor,IND
Jamshed Irani,IND
Jayanth Varma,IND
K Ambegaonkar,IND
K Singh,IND
K Udeshi,IND
Kamalesh Chakrabarty,IND
Karidia Sanon,IND
Kesavan Ramachandran,IND
Kiran Karnik,IND
Kishori Udeshi,IND
Kumar Birla,IND
Lakshmi Chand,IND
Lakshmi Jha,IND
M Bhide,IND
M Hate,IND
M Narasimham,IND
M Ramakrishnayya,IND
M Rangachari,IND
M Shahare,IND
Madhava Rao,IND
Mahesh Jain,IND
Manilal Nanavati,IND
Manmohan Singh,IND
Michael Patra,IND
Mihir Rakshit,IND
Mridul Saggar,IND
N Narayana,IND
N Sundaresan,IND
Nachiket Mor,IND
Nagesh Kumar,IND
Najeeb Jung,IND
Osborne Smith,IND
P Bhattacharya,IND
P Damry,IND
P Nangia,IND
P Ojha,IND
Pami Dua,IND
Poonam Gupta,IND
Prithvi Dhar,IND
R Gandhi,IND
R Gopalan,IND
R Gupta,IND
R Janakiraman,IND
R Kaul,IND
R Sheshadri,IND
Rabi Sankar,IND
Rabindra Hazari,IND
Rajeshwar Rao,IND
Rajiv Kumar,IND
Rajiv Ranjan,IND
Rakesh Mohan,IND
Ram Malhotra,IND
Ram Nath,IND
Ratan Tata,IND
Ravindra Dholakia,IND
Revathy Iyer,IND
S  S Mundra,IND
S Goyal,IND
S Mundra,IND
S Narayan,IND
S Shiralkar,IND
S Talwar,IND
S Tarapore,IND
Sachin Chaturvedi,IND
Sadhana Varma,IND
Sardara Johl,IND
Sarukkai Jagannathan,IND
Saugata Bhattacharya,IND
Shaktikanta Das,IND
Shashanka Bhide,IND
Shashi Rajagopalan,IND
Shirish Murmu,IND
Shri Garg,IND
Shri Kamesam,IND
Shri Kanungo,IND
Shri Khan,IND
Shri Leeladhar,IND
Shri Sabharwal,IND
Shyamala Gopinath,IND
Sikandar Khan,IND
Sri Venkitaramanan,IND
Subhash Mundra,IND
Subir Gokarn,IND
Sudhir Mankad,IND
Suresh Krishna,IND
Suresh Neotia,IND
Suresh Tendulkar,IND
Swaminathan Janakiraman,IND
U Rao,IND
Urjit Patel,IND
Usha Thorat,IND
V  S Das,IND
V Leeladhar,IND
V Vyas,IND
Vepa Kamesam,IND
Vipin Malik,IND
Viral Acharya,IND
W Mccallum,IND
Wajahat Hussain,IND
Y Deveshwar,IND
Y Reddy,IND
Yaga Reddy,IND
Yezdi Malegam,IND
Alan Ahearne,IRL
Alan Gray,IRL
Brian Hillery,IRL
Charles Murray,IRL
Cyril Roux,IRL
David Begg,IRL
David Doyle,IRL
Deirdre Purcell,IRL
Derek Moran,IRL
Dermot Obrien,IRL
Derville Rowland,IRL
Des Geraghty,IRL
Donal Byrne,IRL
Ed Sibley,IRL
Elizabeth Mccaul,IRL
Eoin Ryan,IRL
Friedhelm Danz,IRL
Gabriel Makhlouf,IRL
James Mcelligott,IRL
Jim Farrell,IRL
Jim Nugent,IRL
John Fitzgerald,IRL
John Hurley,IRL
John Moran,IRL
John Trethowan,IRL
Joseph Brennan,IRL
Julia Black,IRL
Justin Wray,IRL
Kevin Cardiff,IRL
Liam Barron,IRL
Liam Oreilly,IRL
Martin Odonoghue,IRL
Mary Odea,IRL
Matthew Elderfield,IRL
Maurice Doyle,IRL
Maurice Moynihan,IRL
Maurice Oconnell,IRL
Max Watson,IRL
Michael Mcbennett,IRL
Michael Soden,IRL
Neil Whoriskey,IRL
Niamh Moloney,IRL
Orlaigh Quinn,IRL
Patricia Byron,IRL
Patrick Honohan,IRL
Patrick Neary,IRL
Peter Mulhall,IRL
Philip Lane,IRL
Roy Donovan,IRL
Seana Cunningham,IRL
Sharon Donnery,IRL
Shay Cody,IRL
Stefan Gerlach,IRL
T Whitaker,IRL
Tomas Cofaigh,IRL
Tony Grimes,IRL
Abdolali Jahanshahi,IRN
Abdonnaser Hemmati,IRN
Akbar Komijani,IRN
Ali Pourhomayoun,IRN
Ali Salehabadi,IRN
Alireza Nobari,IRN
Alireza Nowbari,IRN
Ebrahim Darvishi,IRN
Ebrahim Kashani,IRN
Hassan Mehran,IRN
Khodadad Farmanfarmaian,IRN
Mahdi Samii,IRN
Mahmoud Bahmani,IRN
Majid Ghassemi,IRN
Mehdi Samiei,IRN
Mohammad Adeli,IRN
Mohammad Farzin,IRN
Mohammad Molavi,IRN
Mohammad Vahaji,IRN
Mohammad Yeganeh,IRN
Mohsen Nourbakhsh,IRN
Tahmasb Mazaheri,IRN
Valiollah Seif,IRN
Yousef Khoshkish,IRN
Abdul Saeed,IRQ
Abdulbasit Saeed,IRQ
Abdulellah Hafedh,IRQ
Abdulhassan Zalzalah,IRQ
Abdullatif Alshawaf,IRQ
Ahmed Abdullbaqy,IRQ
Ali Alalaq,IRQ
Ali Ismail,IRQ
Essam Howaish,IRQ
Ezz Albahrani,IRQ
Fawzi Alqaisi,IRQ
Hassan Alnajafi,IRQ
Hikmat Alazzawi,IRQ
Khairuddin Haseeb,IRQ
Mustafa Ghaleb,IRQ
Nadhim Alzahawi,IRQ
Qasma Ali,IRQ
Salah Alsheikhli,IRQ
Saleh Haidar,IRQ
Saleh Kubba,IRQ
Sinan Shabibi,IRQ
Subhi Frankool,IRQ
Tariq Altakmachi,IRQ
Tawfiq Alsuwaidi,IRQ
Agust Agustsson,ISL
Agust Einarsson,ISL
Arnr Sighvatsson,ISL
Asgeir Jonsson,ISL
Birgir Gunnarsson,ISL
Bjork Sigurgisladottir,ISL
Bjorn Gislason,ISL
Bolli Hedinsson,ISL
Daniel Gros,ISL
Davi Olafsson,ISL
David Oddsson,ISL
Eirikur Gunason,ISL
Eirkur Guonason,ISL
Erna Gisladottir,ISL
Finnur Ingolfsson,ISL
Fri Baldursson,ISL
Frosti Sigurjonsson,ISL
Geir Hallgrimsson,ISL
Gylfi Magnusson,ISL
Gylfi Zoega,ISL
Hannes Gissurarson,ISL
Helgi Gumundsson,ISL
Ingibjorg Gisladottir,ISL
Ingibjorg Ingvadottir,ISL
Ingimundur Fridriksson,ISL
Ingimundur Fririksson,ISL
Ingvi Oskarsson,ISL
Jn Sigurgeirsson,ISL
Jon Egilsson,ISL
Jon Sigursson,ISL
Jon Sturluson,ISL
Katrin Johannesdottir,ISL
Katrin Olafsdottir,ISL
Lafur Einarsson,ISL
Lara Juliusdottir,ISL
Mar Gumundsson,ISL
Olafur Einarsson,ISL
Olof Nordal,ISL
Orarinn Petursson,ISL
Porarinn Petursson,ISL
Ragnar Arnalds,ISL
Ragnar Arnason,ISL
Rannveig Sigurdardottir,ISL
Rannveig Sigurdardttir,ISL
Sgeir Jnsson,ISL
Sigtryggur Klemensson,ISL
Sigurdur Kristiansson,ISL
Steingrimur Hermannsson,ISL
Sturla Palsson,ISL
Svanbjorn Frimannsson,ISL
Svein Ygard,ISL
Sveinn Agnarsson,ISL
Thor Saari,ISL
Thorunn Gudmundsdottir,ISL
Tomas Arnason,ISL
Umundur Hjartarson,ISL
Unnur Gunnarsdottir,ISL
Valgerur Bjarnadottir,ISL
Vilhjalmur Or,ISL
Alex Cukierman,ISR
Andrew Abir,ISR
Arnon Gafni,ISR
Arnon Gafny,ISR
Barry Topf,ISR
David Horowitz,ISR
David Klein,ISR
Eckstein Zvi,ISR
Jacob Frenkel,ISR
Kernit Flug,ISR
Meir Sokoler,ISR
Michael Bruno,ISR
Moshe Mandelbaum,ISR
Moshe Mendelbaum,ISR
Moshe Sanbar,ISR
Nadine Baudot,ISR
Nadine Baudottrajtenberg,ISR
Nadine Trajtenberg,ISR
Nathan Sussman,ISR
Rafi Melnick,ISR
Reuben Gronau,ISR
Sokolar Meir,ISR
Stan Fisher,ISR
Yaron Amir,ISR
Zvi Eckstein,ISR
Zvika Eckstein,ISR
Alessandra Perrazzelli,ITA
Anna Tarantola,ITA
Antonio Fazio,ITA
Antonio Finocchiaro,ITA
Carlo Ciampi,ITA
Chiara Scotti,ITA
Daniele Franco,ITA
Donato Menichella,ITA
Fabio Panetta,ITA
Fabrizio Saccomanni,ITA
Gian Trequattrini,ITA
Giovanni Carosio,ITA
Guido Carli,ITA
Ignazio Visco,ITA
Lorenzo Smaghi,ITA
Luigi Einaudi,ITA
Luigi Signorini,ITA
Mario Draghi,ITA
Mario Ghi,ITA
Paolo Angelini,ITA
Paolo Baffi,ITA
Pierluigi Ciocca,ITA
Piero Cipollone,ITA
Salvatore Rossi,ITA
Tommaso Padoaschioppa,ITA
Valeria Sannucci,ITA
Vincenzo Desario,ITA
Arthur Brown,JAM
Brian Wynter,JAM
Celia Blake,JAM
Colin Bullock,JAM
Derick Latibeaudiere,JAM
Gary Hendrickson,JAM
Gayon Hosin,JAM
George Brown,JAM
Headley Brown,JAM
Herbert Walker,JAM
Horace Barber,JAM
Jacques Bussieres,JAM
Jeffrey Pyne,JAM
John Robinson,JAM
Kenneth Hall,JAM
Mark Myers,JAM
Myrtle Halsall,JAM
Nicholas Scott,JAM
Nigel Clarke,JAM
Owen Jefferson,JAM
Richard Bernal,JAM
Richard Byles,JAM
Richard Hall,JAM
Roderick Rainford,JAM
Rohan Barnett,JAM
Rosalea Hamilton,JAM
Shirley Tyndall,JAM
Stan Payton,JAM
Vincent Lawrence,JAM
Wayne Henry,JAM
Wayne Robinson,JAM
Wesley Hughes,JAM
Abdelrahman Abdellatif,JOR
Adel Alsharkas,JOR
Adel Sharkas,JOR
Bassam Toukan,JOR
Bassem Alsalem,JOR
Essam Sherif,JOR
Faris Sharaf,JOR
Hussein Alqasim,JOR
Jamal Almasri,JOR
Khaldoun Alwshah,JOR
Khalil Alsalem,JOR
Kholoud Aisaqqaf,JOR
Maher Hasan,JOR
Maher Hassan,JOR
Mohammad Shahin,JOR
Mohammed Nabulsi,JOR
Mohammed Shahin,JOR
Nabih Musa,JOR
Nelly Batshoun,JOR
Omar Alzoubi,JOR
Saleh Hussein,JOR
Umayya Toukan,JOR
Ziad Ghanma,JOR
Ziad X,JOR
Adachi Seiji,JPN
Asahi Noguchi,JPN
Atsushi Mizuno,JPN
Ayano Sato,JPN
Eikichi Araki,JPN
Eiko Shinotsuka,JPN
Goushi Kataoka,JPN
Hajime Takata,JPN
Haruhiko Kuroda,JPN
Haruo Mayekawa,JPN
Hirohide Ymaguchi,JPN
Hiroshi Nakaso,JPN
Hisato Ichimada,JPN
Hitoshi Suzuki,JPN
Kataoka Goushi,JPN
Kazumasa Iwata,JPN
Kazuo Ueda,JPN
Kikuo Iwata,JPN
Kiyohiko Nishimura,JPN
Koji Ishida,JPN
Maasaki Shirakawa,JPN
Makoto Sakurai,JPN
Makoto Usami,JPN
Masaaki Shirakawa,JPN
Masamichi Yamagiwa,JPN
Masaru Hayami,JPN
Masayoshi Amamiya,JPN
Miyako Suda,JPN
Nakamura Toyoaki,JPN
Naoki Tamura,JPN
Nobuyuki Nakahara,JPN
Ryozo Himino,JPN
Ryuzo Miyao,JPN
Sakuya Fuijiwara,JPN
Sakuya Fujiwara,JPN
Satoshi Sumita,JPN
Sayuri Shirai,JPN
Seiji Adachi,JPN
Seiji Nakamura,JPN
Seji Nakamura,JPN
Shigehiro Kuwabara,JPN
Shin Nakahara,JPN
Shinichi Uchida,JPN
Susumu Taketomi,JPN
Tadao Noda,JPN
Tadashi Sasaki,JPN
Takahide Kiuchi,JPN
Takako Masai,JPN
Takehiro Sato,JPN
Teiichiro Morinaga,JPN
Teizo Taya,JPN
Toshihiko Fukui,JPN
Toshihiko Miki,JPN
Toshikatsu Fukuma,JPN
Toshiko Fukui,JPN
Toshiro Muto,JPN
Toyoaki Nakamura,JPN
Wakatabe Masazumi,JPN
Yasuo Gotoh,JPN
Yasuo Matsushita,JPN
Yasushi Mieno,JPN
Yoshiharu Gotoh,JPN
Yoshihisa Morimoto,JPN
Yukitoshi Funo,JPN
Yutaka Harada,JPN
Yutaka Yamaguchi,JPN
Akylzhan Baimagambetov,KAZ
Aliya Moldabekova,KAZ
Anvar Saidenov,KAZ
Daniyar Akishev,KAZ
Daulet Sembayev,KAZ
Erbolat Dossaev,KAZ
Galym Baynazarov,KAZ
Galymzhan Pirmatov,KAZ
Ghalym Bainasarov,KAZ
Grigori Marchenko,KAZ
Kadyrzhan Damitov,KAZ
Kairat Kelimbetov,KAZ
Timur Suleimenov,KAZ
Uraz Dzhandosov,KAZ
Andrew Mullei,KEN
Duncan Ndegwa,KEN
Edward Sambili,KEN
Eric Kotut,KEN
Gerald Arita,KEN
Haron Sirima,KEN
Hezron Nyangito,KEN
Jacinta Mwatela,KEN
Kamau Thugge,KEN
Leon Baranski,KEN
Micah Cheserem,KEN
Nahashon Nyagah,KEN
Njuguna Ndungu,KEN
Patrick Njoroge,KEN
Philip Ndegwa,KEN
Sheila Mmbijjewe,KEN
Susan Koech,KEN
Wycliffe Mukulu,KEN
Abdylbaly Suerkul,KGZ
Jeenbaeva Baktygyl,KGZ
Kemelbek Nanaev,KGZ
Kubanychbek Bokontaev,KGZ
Kubanychbek Bokontayev,KGZ
Kubanychbek Kulmatov,KGZ
Marat Alapaev,KGZ
Marat Sultanov,KGZ
Melis Turgunbaev,KGZ
Sadat Djanybekova,KGZ
Tolkunbek Meimanaliev,KGZ
Ulan Sarbanov,KGZ
Zair Chokoev,KGZ
Zina Asankojoeva,KGZ
Aun Pornmoniroth,KHM
Cha Rieng,KHM
Chan Phin,KHM
Chea Chanto,KHM
Chea Serey,KHM
H E  Chea Chanto,KHM
Hing Kunthel,KHM
Neav Chanthana,KHM
Ros Seilava,KHM
Sok Chhong,KHM
Son Sann,KHM
Thor Leath,KHM
Touch Kim,KHM
Cecil Jacobs,KNA
Dwight Venner,KNA
Timothy Antoine,KNA
Byung Jang,KOR
Chae Songhak,KOR
Cho Dongchul,KOR
Cho Soon,KOR
Choi Changnak,KOR
Chol Chon,KOR
Chon Cholhwan,KOR
Chon Hwan,KOR
Chong Songtaek,KOR
Duk Lee,KOR
Hae Chung,KOR
Hah Yeungki,KOR
Hoon Namkoong,KOR
Hoon Shim,KOR
Jong Kim,KOR
Joon Hahm,KOR
Jun Kim,KOR
Kim Chinhyung,KOR
Kim Choongsoo,KOR
Kim Ho,KOR
Kim Joonsung,KOR
Kim Kun,KOR
Kim Myungho,KOR
Kim Sungwhan,KOR
Kim Wansu,KOR
Kim Woong,KOR
Kim Yootaik,KOR
Koo Yongsuh,KOR
Kun Lee,KOR
Lee Juyeol,KOR
Lee Kyungshik,KOR
Lee Kyungsik,KOR
Min Pyongdo,KOR
Moon Kang,KOR
Myun Yoon,KOR
Paek Ryongchon,KOR
Pai Euihwan,KOR
Park Sungsang,KOR
Pyon Songu,KOR
Rhee Changyong,KOR
Rhi Jungwhan,KOR
Ri Kwanggon,KOR
Seong Lee,KOR
Seongtae Lim,KOR
Seung Park,KOR
Shin Byonghyun,KOR
Soon Chung,KOR
Suh Jinsoo,KOR
Suh Youngkyung,KOR
Sung Ha,KOR
Sung Lee,KOR
Woon Choi,KOR
Woosik Moon,KOR
Yoo Changsoon,KOR
Yoo Sangdai,KOR
Yung Kan,KOR
Abdulaziz Alkhadi,KWT
Al Tamar,KWT
Ali Albaghli,KWT
Ali Almousa,KWT
B Abdulrahim,KWT
Hamza Hussein,KWT
Khaled Alshamali,KWT
Khalid Alateeqi,KWT
Mohammad Alhashel,KWT
Mohammed Aihashel,KWT
Nabil Almanae,KWT
S Alnahedh,KWT
Sahar Alrumaih,KWT
Salem Sabah,KWT
Sheikh Alsabah,KWT
Yousef Alothman,KWT
Youssef Alobaid,KWT
Bounleua Sinxayvoravong,LAO
Bousabong Souvannavong,LAO
Chansy Phusikham,LAO
Cheung Sombounkhan,LAO
Khamphoui Keoboualapha,LAO
Nouphanh Sithphasai,LAO
Pany Yathotou,LAO
Pany Yatohtoh,LAO
Phoumy Thipphavone,LAO
Phoupheth Khamphounevong,LAO
Somphao Phaysith,LAO
Soth Phetrasy,LAO
Soukanh Mahalath,LAO
Thongchanh Uparavanh,LAO
Vathana Dalaloy,LAO
Xonexay Sithphaxay,LAO
Edmond Naim,LBN
Elias Sarkis,LBN
Fahim Modad,LBN
Haroutioun Samuelian,LBN
Joseph Oughourlian,LBN
Majid Joumblat,LBN
Marwan Nsouli,LBN
Michel Elkhoury,LBN
Michel Khoury,LBN
Muhammad Baasiri,LBN
Philippe Takla,LBN
Raed Charafeddin,LBN
Riad Salameh,LBN
Saed Andari,LBN
Aloysius Tarlue,LBR
Charles Bright,LBR
Charles Greene,LBR
David Vinton,LBR
Elie Saleeby,LBR
Henry Saamoi,LBR
Ignatius Clay,LBR
John Bestman,LBR
Joseph Jones,LBR
Mills Jones,LBR
Milton Weeks,LBR
Nathaniel Patray,LBR
Paul Jeffy,LBR
Theophilus Bettie,LBR
Thomas Hanson,LBR
Abd Alzulaytini,LBY
Abdulhafid Zlitni,LBY
Ahmed Menesi,LBY
Ali Aneizi,LBY
Farhat Bengdara,LBY
Kassem Sherlala,LBY
Khalil Bennani,LBY
Mohammed Alshukri,LBY
Muhammad Rajab,LBY
Naji Belqasem,LBY
Rajab Msallati,LBY
Saddek Alkabir,LBY
Saddek Elkaber,LBY
Taher Aljehaimi,LBY
Ajith Cabraal,LKA
Amarananda Jayawardena,LKA
Arthur Ranasinghe,LKA
C Chanmugarn,LKA
C Perera,LKA
C Siriwardana,LKA
Don Rajapatirana,LKA
Heen Dissanayaka,LKA
Herbert Tennekoon,LKA
Indrajit Coomaraswamy,LKA
John Exter,LKA
Lakshman Mahendran,LKA
N Jayawardena,LKA
Nandalal Weerasinghe,LKA
Neil Umagiliya,LKA
Neville Karunatilake,LKA
Nihal Fonseka,LKA
Nimal Welgama,LKA
P Rodrigo,LKA
R Jayatissa,LKA
Sunil Mendis,LKA
Warnasena Rasaputra,LKA
Weligamage Lakshman,LKA
William Tennekoon,LKA
Anthony Maruping,LSO
E Matekane,LSO
Erik Karlsson,LSO
Kobeli Molemohi,LSO
Lehlomela Mohapi,LSO
Moeketsi Senaoana,LSO
Motlatsi Matekane,LSO
Retselisitsoe Matlanyane,LSO
Stefan Schonberg,LSO
Stephen Swaray,LSO
Asta Kuniyoshi,LTU
Audrius Misevicius,LTU
Bronius Povilaitis,LTU
Darius Petrauskas,LTU
Evaldas Ruzgys,LTU
Gediminas Simkus,LTU
Ingrida Simonyte,LTU
Julita Varanauskiene,LTU
Juozas Paknys,LTU
Juozas Tubelis,LTU
Kazys Ratkevicius,LTU
Marius Jurgilas,LTU
Marius Skuodis,LTU
Raimondas Kuodis,LTU
Ramune Zabuliene,LTU
Reinoldijus Sarkinas,LTU
Romualdas Visokavicius,LTU
Simonas Krpta,LTU
Tomas Garbaravicius,LTU
Vaida Markeviciene,LTU
Vaidievutis Geralavicius,LTU
Vilius Baldisis,LTU
Vitas Vasiliauskas,LTU
Vladas Jurgutis,LTU
Vladas Stasinskas,LTU
Aline Muller,LUX
Andree Billon,LUX
Betty Fontaine,LUX
Claude Zimmer,LUX
Gaston Reinesch,LUX
Jacques Poos,LUX
Jean Hamilius,LUX
Mathias Hinterscheid,LUX
Michel Wurth,LUX
Michele Detaille,LUX
Nadia Manzari,LUX
Nicolas Weber,LUX
Pierre Beck,LUX
Pierre Jaans,LUX
Raymond Kirsch,LUX
Roland Weyland,LUX
Romain Schintgen,LUX
Serge Kolb,LUX
Simone Retter,LUX
Yves Mersch,LUX
Yves Nosbusch,LUX
Andris Ruselis,LVA
Arturs Graudins,LVA
Edvards Kusners,LVA
Einars Repse,LVA
Ilmars Rimsevics,LVA
Leonids Gricenko,LVA
Martins Kazaks,LVA
Pavils Sakss,LVA
Valentina Zeile,LVA
Varis Zarins,LVA
Zoja Razmusa,LVA
Anselmo Teng,MAC
Benjamin San,MAC
Esther Ian,MAC
Maria Man,MAC
Rufino Ramos,MAC
Simon Man,MAC
Teng Seng,MAC
Wan Long,MAC
Abdelaziz Belfquih,MAR
Abdellatif Jouahri,MAR
Abdellatif Loudyi,MAR
Abderrahim Bouazza,MAR
Ahmed Bennani,MAR
Andre Azoulay,MAR
Aziz Akhannouch,MAR
Driss Slaoui,MAR
El Benabderrazik,MAR
Faouzia Zaaboul,MAR
Meriem Chaqroun,MAR
Mhamed Zeghari,MAR
Mohamed Hassar,MAR
Mohamed Seqat,MAR
Moulay Mehdi,MAR
Mustapha Moussaoui,MAR
Othmane Demnati,MAR
Taib Skalli,MAR
Zouhair Chorfi,MAR
Anca Dragu,MDA
Dorin Dragutanu,MDA
Emma Tabirta,MDA
Leonid Talmacis,MDA
Marin Molosag,MDA
Octavian Armasu,MDA
Sergiu Cioclea,MDA
Aivo Andrianarivelo,MDG
Blandin Razafimanjato,MDG
Frederic Rasamoely,MDG
Frederic Year,MDG
Gaston X,MDG
Guy Ratovondrahona,MDG
Henri Rabarijohn,MDG
Leon Rajaobelina,MDG
Raoul Ravelomanana,MDG
Rasolofondraibe Herve,MDG
Richard Randriamaholy,MDG
Vonimanitra Razafimbelo,MDG
Abdulla Jihaad,MDV
Abdulla Jihad,MDV
Abdulla Naseer,MDV
Ahmed Munawar,MDV
Ahmed Naseer,MDV
Aishath Zahira,MDV
Ali Hashim,MDV
Arif Hilmy,MDV
Azeema Adam,MDV
Ibrahim Shafeeg,MDV
Ibrahim Solih,MDV
Ismail Manik,MDV
Maumoon Gayoom,MDV
Mohamed Jaleel,MDV
Mohamed Saeed,MDV
Neeza Imad,MDV
Qasim Ibrahim,MDV
* Nci,MEX
Agustan Carstens,MEX
Agustn Carstens,MEX
Alejandro Leon,MEX
Carlos Macias,MEX
Carlos Rouvignac,MEX
Ernesto Hurtado,MEX
Everardo Almaguer,MEX
Gabriel Garcia,MEX
Galia Gmez,MEX
Galia Gomez,MEX
Gerardo Hernndez,MEX
Guillermo Ortiz,MEX
Gustavo Kolbeck,MEX
Irene Cantellano,MEX
Javier Calafell,MEX
Jesus Yacaman,MEX
Jonathan Heath,MEX
Jose Dib,MEX
Jose Garcia,MEX
Manuel Francia,MEX
Manuel Ramosfrancia,MEX
Manuel Sanchez,MEX
Manuel Snchez,MEX
Miguel Aguayo,MEX
Omar Castelazo,MEX
Roberto Cueto,MEX
Roberto Legaspi,MEX
Rodrigo Gomez,MEX
Victoria Ceja,MEX
Ana Mitreska,MKD
Anita Bezhoska,MKD
Borko Stanoevski,MKD
Dimitar Bogov,MKD
Emilija Nacevska,MKD
Fadil Bajrami,MKD
Fadilj Bajrami,MKD
Ljube Trpeski,MKD
Maja Kadievskavojnovik,MKD
Petar Gosev,MKD
Petar Goshev,MKD
Trajko Slaveski,MKD
Aoua Barry,MLI
Barema Bocoum,MLI
Sambou Wague,MLI
Alexander Demarco,MLT
Alfred Demarco,MLT
Alfred Mifsud,MLT
Anthony Galdes,MLT
Borge Andersen,MLT
David Klein,MLT
David Pullicino,MLT
Edward Scicluna,MLT
Emanuel Ellul,MLT
Francis Vassallo,MLT
Henry Gabriele,MLT
Josef Bonnici,MLT
Lino Spiteri,MLT
Mario Vella,MLT
Michael Bonello,MLT
Oliver Bonello,MLT
R Earland,MLT
Rita Schembri,MLT
Victor Demarco,MLT
Aung Sint,MMR
Aye Hlaing,MMR
Kyaw Maung,MMR
Kyaw Myint,MMR
Kyaw Nyein,MMR
Kyaw Nyunt,MMR
Kyi Aye,MMR
Maung Han,MMR
Maung Hla,MMR
Than Nyein,MMR
Than Swe,MMR
Irena Radovic,MNE
Ljubisa Krgovic,MNE
Milojica Dakic,MNE
Radoje Zugic,MNE
Velibor Milosevic,MNE
* Baldan,MNG
* Dovchin,MNG
* Mikilman,MNG
Alag Batsukh,MNG
Byadran Lkhagvasuren,MNG
D Danzan,MNG
Demchigjabyn Molomjamts,MNG
Enkhtaivan Ganbold,MNG
G Baljid,MNG
Gochoogiyin Khuderchuluun,MNG
Javkhlan Bold,MNG
Jigjid Unenbat,MNG
Luyugiin Lkhamsuren,MNG
Nadmidyn Bayartsaikhan,MNG
Naidansurengiin Jargalsaikhan,MNG
Ochirbat Chuluunbat,MNG
P Tumur,MNG
Purevdorj Lkhanaasuren,MNG
Sanjaa Narantsogt,MNG
Zoljargal Naidansuren,MNG
Zoljargan Naidansuren,MNG
Adriano Maleiane,MOZ
Alberto Cassimo,MOZ
Antonio Abreu,MOZ
Eneas Comiche,MOZ
Ernesto Gove,MOZ
Prakash Ratilal,MOZ
Rogerio Zandamela,MOZ
Sergio Viera,MOZ
Victor Gomes,MOZ
Abdel Dahi,MRT
Ahmed Daddah,MRT
Ahmed Zein,MRT
Ba Moussa,MRT
Cheikh Khouna,MRT
Cheikh Taher,MRT
Dieng Farba,MRT
Kane Ousmane,MRT
Mahfoudh Aly,MRT
Maty Hamady,MRT
Mohamed Dhehby,MRT
Mohamed Hacen,MRT
Mohamed Khaled,MRT
Mohamed Lekhal,MRT
Mohamed Nany,MRT
Mohamed Oumarou,MRT
Mohamedou Michel,MRT
Moustapha Abeiderrahmane,MRT
Moustapha Mouhamedou,MRT
Sid Bneijara,MRT
Sid Nagi,MRT
Sid Raiss,MRT
Sidatty Benhameyda,MRT
Sidi Dhaker,MRT
Yahya Athighe,MRT
Zein Zeidane,MRT
Zeine Zeidane,MRT
Aunauth Beejadhur,MUS
B Gujadhur,MUS
Basant Roi,MUS
David Keys,MUS
Donald Cook,MUS
Goorpersad Bunwaree,MUS
Guy So,MUS
Harvesh Seegolam,MUS
Hemlata Gopal,MUS
Indurduth Ramphul,MUS
Jagnaden Coopamah,MUS
Jameel Khadaroo,MUS
Jeffrey Frankel,MUS
Mahendra Punchoo,MUS
Mitrajeet Maraye,MUS
Mohamad Soormally,MUS
Mohammad Namdarkhan,MUS
Nishan Degnarain,MUS
Pierre Dinan,MUS
Rajeev Hasnah,MUS
Rajkamal Taposeea,MUS
Rameshwurlall Roi,MUS
Rameswurlall Roi,MUS
Ramsamy Chinniah,MUS
Ranapartab Tacouri,MUS
Renganaden Padayachy,MUS
Rundheersing Bheenick,MUS
Silvana Tenreyro,MUS
Stefan Gerlach,MUS
Streevarsen Narrainen,MUS
Yandraduth Googoolye,MUS
* Lesshaft,MWI
Alan Perrin,MWI
Chakakala Chaziya,MWI
Charles Chuka,MWI
D Thomson,MWI
Dalitso Kabambe,MWI
E Ngalande,MWI
Elias Ngalande,MWI
Francis Pelekamoyo,MWI
Francis Perekamoya,MWI
George Partridge,MWI
Grant Kabango,MWI
Hans Lesshafft,MWI
John Tembo,MWI
Kisu Simwaka,MWI
Mac Mwale,MWI
Mathews Chikaonda,MWI
Perks Ligoya,MWI
Stephen Hara,MWI
Victor Mbewe,MWI
Wilson Banda,MWI
Abdul Ghaffour,MYS
Abu Yahaya,MYS
Ahmad Don,MYS
Aznan Aziz,MYS
Bakarudin Ishak,MYS
Datuk Ghaffour,MYS
Jessica Lian,MYS
Marzunisham Omar,MYS
Mohd Kadir,MYS
Muhammad Ibrahim,MYS
Nor Yunus,MYS
Ooi Kuan,MYS
Shaik Ghaffour,MYS
Sukhdave Singh,MYS
Tan Don,MYS
Tan Hussein,MYS
Tan Ibrahim,MYS
Tan Sulaiman,MYS
Tan Taha,MYS
Tan Wilcock,MYS
Tan Yunus,MYS
Tun Ali,MYS
W Wilcock,MYS
Yeah Leng,MYS
Zamani Ghani,MYS
Zeti Aziz,MYS
E Karlson,NAM
Ebson Uanguta,NAM
Erik Karlsson,NAM
Ipumba Shiimi,NAM
Ipumbu Shiimi,NAM
Jaafar Ahmad,NAM
Johannes Gawaxab,NAM
Leonie Dunn,NAM
Ls Ipangelwa,NAM
Paul Hartmann,NAM
Tom Alweendo,NAM
Wouter Bernard,NAM
Abdulkadir Ahmed,NER
Adamou Moussa,NER
Aichatou Boulama,NER
Ali Gamatie,NER
Charles Soludo,NER
Godwin Emefiele,NER
Ibrahim Magagi,NER
Joseph Sanusi,NER
Mahamane Anou,NER
Mamadou Diop,NER
Maman Rafa,NER
Paul Ogwuma,NER
Sanusi Sanusi,NER
Sarah Alade,NER
* Nci,NGA
Abdul Garba,NGA
Adebayo Adelabu,NGA
Adedoyin Salami,NGA
Adeola Adenikinju,NGA
Aishah Ahmad,NGA
Alhaji Ahmed,NGA
Alhaji Barau,NGA
Alhaji Maibornu,NGA
Alhaji Otiti,NGA
Alhaji Rasheed,NGA
Aliyu Ahmed,NGA
Aliyu Maibornu,NGA
Anastasia Danielnwaobia,NGA
Anastasia Nwaobia,NGA
Bala Bello,NGA
Charles Soludo,NGA
Chibuike Uche,NGA
Christopher Okafor,NGA
Clement Isong,NGA
Dahiru Balami,NGA
Edward Adamu,NGA
Ernest Ebi,NGA
Folashodun Shonubi,NGA
Godwin Emefiele,NGA
J Sanusi,NGA
John Oshilaja,NGA
Joseph Sanusi,NGA
Kingsley Moghalu,NGA
Kingsley Obiora,NGA
Mahmoud Isadutse,NGA
Mallam Ciroma,NGA
Mallam Talib,NGA
Melvin Ayogu,NGA
Mike Obadan,NGA
Mo Omamegbe,NGA
Mohammed Salisu,NGA
Muhammad Abdullahi,NGA
Murtala Sagagi,NGA
Muslimat Aliyu,NGA
O Vincent,NGA
Obadiah Mallafia,NGA
Ochi Achinivu,NGA
Okorie Uchendu,NGA
Okwu Nnanna,NGA
Ola Vincent,NGA
Oluwole Oduyemi,NGA
Paul Ogwuma,NGA
Philip Ikeazor,NGA
Raymond Omachi,NGA
Robert Asogwa,NGA
Roy Fenton,NGA
S Asabia,NGA
Samuel Olofin,NGA
Sanusi Sanusi,NGA
Sarah Alade,NGA
Shamsudeen Usman,NGA
Shehu Yahaya,NGA
Stan Lawson,NGA
Stephen Oronsaye,NGA
Suleiman Barau,NGA
Tunde Lemo,NGA
Uwatt Uwatt,NGA
Victor Odozi,NGA
Wahir Mshelia,NGA
Alberto Obregon,NIC
Alfredo Aguirre,NIC
Alfredo Downing,NIC
Arturo Porras,NIC
Bruno Palaviccine,NIC
Francisco Matamoros,NIC
Francisco Mayorga,NIC
Gilberto Solorzano,NIC
Gustavo Guerrero,NIC
Ivan Montalvan,NIC
Joaquin Chamorro,NIC
Leonardo Ramirez,NIC
Luis Figueroa,NIC
Mario Lacayo,NIC
Mario Sevilla,NIC
Noel Sanchez,NIC
Raul Solorzano,NIC
Ricardo Parrales,NIC
Roberto Barquero,NIC
Silvio Gomez,NIC
Silvio Marenco,NIC
Silvio Montalvan,NIC
* Schilder,NLD
Abraham Fock,NLD
Alexander Kan,NLD
Annemiek Vlissingen,NLD
Annemieke Nijhof,NLD
Arnold Schilder,NLD
Bas Weel,NLD
Bert Delden,NLD
Cees Lede,NLD
Cindy Oorschot,NLD
Dirk Witteven,NLD
Els Swaab,NLD
Else Bos,NLD
Ewald Kist,NLD
Feike Sijbesma,NLD
Femke Vries,NLD
Flip Klopper,NLD
Fokko Duyne,NLD
Frank Elderson,NLD
Frits Bolkestein,NLD
Gerard Kleisterlee,NLD
Gerard Vissering,NLD
Gita Salden,NLD
Harry Garretsen,NLD
Helene Dort,NLD
Hendrik Croockewit,NLD
Henk Brouwer,NLD
Jaap Manen,NLD
Jacob Fock,NLD
Jan Hodshon,NLD
Jan Hovers,NLD
Jan Sijbrand,NLD
Jaques Teysset,NLD
Jelle Zijlstra,NLD
Jeroen Veer,NLD
Joanne Kellermann,NLD
Job Swank,NLD
Jos Kemenade,NLD
Kees Goudswaard,NLD
Klaas Knot,NLD
Leonardus Trip,NLD
Lex Hoogduin,NLD
Louisa Broek,NLD
Marius Holtrop,NLD
Marius Jonkhart,NLD
Maxima Netherlands,NLD
Meinoud Tonningen,NLD
Nicolaas Pierson,NLD
Nicole Stolk,NLD
Norbertus Berg,NLD
Nout Wellink,NLD
Olaf Sleijpen,NLD
Paul Hogguer,NLD
Peter Elverding,NLD
Pieter Bouw,NLD
Pieter Korteweg,NLD
Richard Doornbosch,NLD
Steven Maijoor,NLD
Tom Swaan,NLD
Wilko Bolt,NLD
Willem Mees,NLD
Willem Muilman,NLD
Wim Duisenberg,NLD
Wim Kuijken,NLD
Wouter Tuinenburg,NLD
Arne Hyttnes,NOR
Asbjorn Rodseth,NOR
Asbjrn Rdseth,NOR
Benedicte Fasmer,NOR
Brit Rugland,NOR
Egil Matsen,NOR
Eirik Waerness,NOR
Eirik Wrness,NOR
Erik Brofoss,NOR
Espen Moen,NOR
Esther Kostol,NOR
Goril Havro,NOR
Gunnar Jahn,NOR
Hans Aasnaes,NOR
Hans Aasns,NOR
Hege Sjo,NOR
Hermod Skanland,NOR
Hilde Myrberg,NOR
Ida Bache,NOR
Ida Helliesen,NOR
Ingebrigt Srfonn,NOR
Jan Martinsen,NOR
Jan Qvigstad,NOR
Jarle Bergo,NOR
Jon Nicolaisen,NOR
Kathryn Baker,NOR
Kjell Storvik,NOR
Kjetil Storesletten,NOR
Knut Wold,NOR
Kristine Landmark,NOR
Kristine Ryssdal,NOR
Liselott Kilaas,NOR
Mats Fevolden,NOR
Mona Sorensen,NOR
Nina Midthjell,NOR
Nina Tronstad,NOR
Pl Longva,NOR
Sigbjorn Johnsen,NOR
Sigbjrn Johnsen,NOR
Steinar Holden,NOR
Steinar Juel,NOR
Svein Gjedrem,NOR
Sylvi Sorfonn,NOR
Sylvi Srfonn,NOR
Thomas Ekeli,NOR
Tore Vamraak,NOR
Torgeir Hoien,NOR
Torstein Moland,NOR
Trond Reinertsen,NOR
Truls Oppedal,NOR
Vivi Lassen,NOR
Ystein Brsum,NOR
Ystein Olsen,NOR
Ystein Thgersen,NOR
Bam Mishra,NPL
Bhekh Thapa,NPL
Bijaya Bhattarai,NPL
Bir Rayamajhi,NPL
Biswo Poudel,NPL
Chiranjibi Nepal,NPL
Ganesh Thapa,NPL
Gopal Kaphle,NPL
Hari Tripathi,NPL
Himalayan Rana,NPL
Kalyana Adhikary,NPL
Kul Sharma,NPL
Laxmi Gautam,NPL
Lekh Bhusal,NPL
Maha Adhikari,NPL
Neelam Timsina,NPL
Pradyuma Rajbhandari,NPL
Ram Pant,NPL
Ramjee Regmi,NPL
Satyendra Shrestha,NPL
Shambhu Kayastha,NPL
Shanta Subedi,NPL
Shiba Shrestha,NPL
Sri Poudyal,NPL
Surendra Pradhan,NPL
Tilak Rawal,NPL
Vidyadhar Mallik,NPL
Yadav Pant,NPL
Yuba Khatiwada,NPL
Marcus Stephen,NRU
Adrian Orr,NZL
Alan Bollard,NZL
Alan Low,NZL
Christian Hawkesby,NZL
Dick Wilks,NZL
Donald Brash,NZL
Edward Fussell,NZL
Geoff Bascand,NZL
Gilbert Wilson,NZL
Graene Wheeler,NZL
Grant Spencer,NZL
Murray Sherwin,NZL
Peter Nicholl,NZL
Raymond White,NZL
Roderick Carr,NZL
Spencer Russell,NZL
William Ward,NZL
Abdul Khayata,OMN
Hamood Zadjali,OMN
Qaboos Said,OMN
Salim Habsi,OMN
Sayyid Said,OMN
Sayyida Busaidi,OMN
Tahir Amri,OMN
Yahya Jabri,OMN
Yahya Naseeb,OMN
Yusuf Nimatallah,OMN
Abdul Dawood,PAK
Abdul Qadir,PAK
Aftab Kazi,PAK
Ardeshir Marker,PAK
Asad Umar,PAK
Ashraf Wathra,PAK
Ghulam Khan,PAK
Imtiaz Hanfi,PAK
Inayat Hussain,PAK
Ishrat Hussain,PAK
Jameel Ahmad,PAK
Kassim Parekh,PAK
Kazi Muktadir,PAK
Mahbubur Raschid,PAK
Mansur Khan,PAK
Muhammad Lodhi,PAK
Muhammad Yaqub,PAK
Murtaza Syed,PAK
Nawid Ahsan,PAK
Osman Ali,PAK
Reza Baqir,PAK
Riaz Riazuddin,PAK
Saeed Ahmad,PAK
Saleem Ullah,PAK
Salman Siddique,PAK
Shahid Kardar,PAK
Shahkurullah Durrani,PAK
Shamshad Akhtar,PAK
Shujaat Hasnie,PAK
Sima Kamil,PAK
Syed Raza,PAK
Tahira Raza,PAK
Tariq Bajwa,PAK
Tawfiq Husain,PAK
Vasim Jafarey,PAK
Yaseen Anwar,PAK
Yasin Anwar,PAK
Zafar Masud,PAK
Zaffar Khan,PAK
Zahid Hussain,PAK
Alfonso Nava,PER
Alfredo Ferreyros,PER
Andres Dasso,PER
Carlos Dasso,PER
Carlos Mimbela,PER
Carlos Pastor,PER
Clemente Dartnell,PER
Daniel Olaechea,PER
Daniel Rosenberg,PER
Drago Wagner,PER
Eduardo Jimenez,PER
Elmer Bustinza,PER
Emilio Barreto,PER
Enrique Bellido,PER
Fernando Schwalb,PER
Francisco Varela,PER
German Chavez,PER
German Guzman,PER
Gianfranco Zuniga,PER
Gonzalo Nunez,PER
Gustavo Fukusaki,PER
Javier Dangelo,PER
Javier Ruete,PER
Jorge Alvarez,PER
Jose Ku,PER
Jose Leon,PER
Jose Urresti,PER
Julio Flores,PER
Kurt Farfan,PER
Leonel Ramirez,PER
Luis Minaya,PER
Luis Ugarte,PER
Manuel Loredo,PER
Oscar Masias,PER
Pedro Espantoso,PER
Pedro Labo,PER
Rafael Rey,PER
Richard Duarte,PER
Roxana Caceres,PER
Waldo Bellido,PER
Alberto Romulo,PHL
Alfonso Calalang,PHL
Amando Jr,PHL
Amando Tetangco,PHL
Andres Castillo,PHL
Anita Aquino,PHL
Antonino Alindogan,PHL
Antonio Abacan,PHL
Armando Suratos,PHL
Benjamin Diokno,PHL
Carlos Iii,PHL
Cesar Purisima,PHL
Chuchi Fonacier,PHL
Diwa Guinigundo,PHL
Eli Remolona,PHL
Elizabeth Genia,PHL
Fe Barin,PHL
Felipe Medalla,PHL
Gabriel Singson,PHL
Gregorio Licaros,PHL
Ignacio Bunye,PHL
Jaime Laya,PHL
Jose Cuisa,PHL
Jose Fernandez,PHL
Jose Jr,PHL
Juan Quintos,PHL
Juan Zuniga,PHL
Juanita Amatong,PHL
Mamerto Tangonan,PHL
Maria Tuanoamador,PHL
Melito Salazar,PHL
Miguel Sr,PHL
Nelly Villafuerte,PHL
Nestor Jr,PHL
Peter Favila,PHL
Rafael Buenaventura,PHL
Raul Boncan,PHL
Romeo Bernardo,PHL
Romulo Neri,PHL
Valentin Araneta,PHL
Vicente Valdepenas,PHL
Zeno Abenoja,PHL
Benny Acting,PNG
Benny Popoitai,PNG
Henry Torobert,PNG
Koiari Tarata,PNG
Loi Bakani,PNG
Martin Jordan,PNG
Mekere Morauta,PNG
Morea Vele,PNG
Wilson Kamit,PNG
Adam Glapinski,POL
Adam Zebrowski,POL
Andrzej Kazmierczak,POL
Andrzej Rzonca,POL
Andrzej Topinski,POL
Andrzej Wojtyna,POL
Cezary Jozefiak,POL
Cezary Kochalski,POL
Dariusz Rosati,POL
Edward Drozniak,POL
Elzbieta Chojnaduch,POL
Epaminondas Osiatynski,POL
Eryk On,POL
Eugeniusz Gatnar,POL
Gabriela Masowska,POL
Grazyna Ancyparowicz,POL
Grzegorz Wojtowicz,POL
Halina Skatrenkner,POL
Hanna Gronkiewiczwaltz,POL
Henryk Wnorowski,POL
Ireneusz Dabrowski,POL
Iwona Duda,POL
Jan Czekaj,POL
Jan Winiecki,POL
Janusz Krzyzewski,POL
Jerzy Kropiwnicki,POL
Jerzy Osiatynski,POL
Jerzy Pruski,POL
Jerzy Zyzynski,POL
Krzysztof Rybinski,POL
Leonard Siemiatkowski,POL
Leszek Balcerowicz,POL
Ludwik Kotecki,POL
Marcin Zarzecki,POL
Marek Belka,POL
Marek Dabrowski,POL
Miros Pietrewicz,POL
Piotr Wiesiolek,POL
Przemysaw Litwiniuk,POL
Rafa Sura,POL
Slawomir Skrzypek,POL
Stanisaw Majewski,POL
Stanisaw Nieckarz,POL
Stanisaw Owsiak,POL
Ukasz Hardt,POL
W Czkowski,POL
Wiesaw Janczyk,POL
Wieslawa Ziolkowska,POL
Witold Bien,POL
Witold Trampczynski,POL
Wladyslaw Baka,POL
Wojciech Aczkowski,POL
Zdzisaw Pakua,POL
Zdzislaw Appointed,POL
Zdzislaw Pakula,POL
Zyta Gilowska,POL
Alvaro Pereira,PRT
Ana Serra,PRT
Antnio Varela,PRT
Antonio Barbosa,PRT
Antonio Sousa,PRT
Carlos Cano,PRT
Carlos Costa,PRT
Clara Raposo,PRT
Elisa Ferreira,PRT
Francisca Guedes,PRT
Francisca Oliveira,PRT
Helder Rosalino,PRT
Helena Adegas,PRT
Hlder Rosalino,PRT
Joo Tomaz,PRT
Jose Lopes,PRT
Luis Beleza,PRT
Luis Santos,PRT
Luis Sousa,PRT
Lus Santos,PRT
Manuel Nunes,PRT
Mrio Centeno,PRT
Rafael Duque,PRT
Rui Pinto,PRT
Tavares Moreira,PRT
Teodora Cardoso,PRT
Vitor Constancio,PRT
Vitor Pessoa,PRT
Angel Gonzalez,PRY
Carlos Spalding,PRY
Carlos Valdovinos,PRY
Cesar Acosta,PRY
Cesar Martinez,PRY
Crispiniano Silva,PRY
Diego Legalcanisa,PRY
Dionisio Benitez,PRY
Epifanio Fleitas,PRY
Ernesto Argana,PRY
Fernando Facetti,PRY
Fernando Filartiga,PRY
German Irigoyen,PRY
Hermes Ginard,PRY
Humberto Colman,PRY
Jacinto Mallada,PRY
Jorge Corvalan,PRY
Jorge Ferrari,PRY
Jorge Mendoza,PRY
Jose Paez,PRY
Jose Sienra,PRY
Juan Chavez,PRY
Juan Vely,PRY
Liana Caballero,PRY
Luis Doria,PRY
Mario Pastore,PRY
Monica Perez,PRY
Monica Santos,PRY
Pedro Mayor,PRY
Rafael Valenzuela,PRY
Raul Bogado,PRY
Roland Wenninger,PRY
Samuel Aswell,PRY
Santiago Palacios,PRY
Venicio Guerreros,PRY
Washington Silva,PRY
Amin Haddad,PSE
Azzam Shawwa,PSE
Feras Milhem,PSE
Fouad Bseiso,PSE
George Alabed,PSE
Jihad Alwazir,PSE
Shehada Hussein,PSE
Yahya Shunnar,PSE
Abdulla Thani,QAT
Abdullah Alattiyah,QAT
Abdullah Althani,QAT
Al Attiya,QAT
Bandar Althani,QAT
Majid Alsaad,QAT
Agnes Nagy,ROU
Alexandru Nazare,ROU
Anton Moisescu,ROU
Aura Socol,ROU
Aurel Vijoli,ROU
Bogdan Olteanu,ROU
Coloman Maiorescu,ROU
Constantin Tataranu,ROU
Cosmin Marinescu,ROU
Cristian Popa,ROU
Csaba Blint,ROU
Daniel Daianu,ROU
Decebal Urdea,ROU
Emil Ghizari,ROU
Eugen Dijmarescu,ROU
Eugen Interim,ROU
Eugen Nicolaescu,ROU
Florea Dumitrescu,ROU
Florin Georgescu,ROU
Gheorghe Gherghina,ROU
Leonardo Badea,ROU
Liviu Voinea,ROU
Maria Ene,ROU
Marin Dinu,ROU
Marin Lupu,ROU
Mugur Isrescu,ROU
Napoleon Pop,ROU
Nicolae Danila,ROU
Petre Balaceanu,ROU
Silviu Cerna,ROU
Tiberiu Mosoiu,ROU
Vasile Malinschi,ROU
Vasile Rauta,ROU
Virgiliu Stoenescu,ROU
Alexander Khandruyev,RUS
Alexander Stieglitz,RUS
Alexey Grichmanov,RUS
Alexey Guznov,RUS
Alexey Konshin,RUS
Alexey Poskonov,RUS
Alexey Tsismen,RUS
Alexey Ulyukayev,RUS
Alexey Voilukov,RUS
Alexey Yu,RUS
Alexey Zabotkin,RUS
Andrei Zverev,RUS
Andrey Kozlov,RUS
Andrey Kruzhalov,RUS
Aron Sheinman,RUS
Dmitry Skobelkin,RUS
Dmitry Tulin,RUS
Eduard Pleske,RUS
Elizaveta Danilova,RUS
Elvira Nebiullina,RUS
Evgeniy Lamanskiy,RUS
Gennadiy Melikyan,RUS
Gennady Melikyan,RUS
Georgy Luntovsky,RUS
Georgy Matyukhin,RUS
Georgy Pyatakov,RUS
German Zubarev,RUS
Ivan Shipov,RUS
Konstantin Korischenko,RUS
Konstantin Shor,RUS
Ksenia Yudaeva,RUS
Lev Maryasin,RUS
Lyudmila Gudenko,RUS
Miefodiy Svieshnikov,RUS
Mikhail Mamuta,RUS
Mikhail Sukhov,RUS
Moissei Kalmanovich,RUS
N Bulganin,RUS
Nadezhda Ivanova,RUS
Nikolai Bulganin,RUS
Nikolai Garetovsky,RUS
Nikolai Sokolov,RUS
Nikolai Tumanov,RUS
Oleg Vyugin,RUS
Olga Polyakova,RUS
Olga Skorobogatova,RUS
Philipp Gabunia,RUS
Ruslan Vesterovskiy,RUS
Sergey Ignatyev,RUS
Sergey Shvetsov,RUS
Serguey Dubinin,RUS
Solomon Kruglikov,RUS
Tatyana Paramonova,RUS
Vasily Popov,RUS
Vasily Pozdyshev,RUS
Viktor Dementsev,RUS
Viktor Gerashchenko,RUS
Viktor Guerashchenko,RUS
Viktor Melnikov,RUS
Vladimir Alkhimov,RUS
Vladimir Chistyukhin,RUS
Vladislav Kontorovich,RUS
Yakov Golev,RUS
Yuliy Zhukovskiy,RUS
Yury Isaev,RUS
Zulfia Kakhrumanova,RUS
Augustin Ruzindana,RWA
Claver Gatete,RWA
Denis Ntirugirimbabazi,RWA
Francois Kanimba,RWA
Francois Mutemberezi,RWA
Gerard Niyitegeka,RWA
Jean Birara,RWA
Johan Brandon,RWA
John Rwangombwa,RWA
Justin Nsengiyumva,RWA
Masaya Hattori,RWA
Monique Nsanzabanganwa,RWA
Soraya Hakuziyaremye,RWA
Abdulaziz Alquraishi,SAU
Abdulrahman Alhamidy,SAU
Ahmed Alkholifey,SAU
Anwar Ali,SAU
Ayman Alsayari,SAU
Fahad Almubarak,SAU
George Blowers,SAU
Hamad Sayari,SAU
Ibrahim Alnassar,SAU
Khaled Juffali,SAU
Muhammed Aljasser,SAU
Ralph Standish,SAU
Ziad Alyousef,SAU
Abdall Ahmed,SDN
Abdelateef Hassan,SDN
Abdelrahim Mayrgani,SDN
Abdelrahman Hashim,SDN
Awad Aburiesh,SDN
Badr Abbas,SDN
Burai Ahmed,SDN
Elsayid Elfeel,SDN
Elshaik Elshaikh,SDN
Elsheikh Belail,SDN
Faroug Elmagbool,SDN
Hazim Babiker,SDN
Hussein Albasha,SDN
Hussein Jangool,SDN
Hussein Jangoul,SDN
Ibrahim Nimir,SDN
Ismail Hamad,SDN
Mahdi Elshaikh,SDN
Mamoun Beheiry,SDN
Mohamed Alabdein,SDN
Mohamed Elzubair,SDN
Mohamed Elzubeir,SDN
Sabir Elhassan,SDN
Sabir Hassan,SDN
Adama Diaw,SEN
Adama Sow,SEN
Aliou Faye,SEN
Oulimata Sarr,SEN
Alvin Tan,SGP
Barney Lau,SGP
Chaly Kheong,SGP
Chan Keong,SGP
Chan Onn,SGP
Chao Tin,SGP
Chee Tat,SGP
Chia Jiun,SGP
Edward Robinson,SGP
Gan Yong,SGP
Goh Swee,SGP
Goh Tong,SGP
Heng Keat,SGP
Hon Sen,SGP
John Palmer,SGP
Koh Guan,SGP
Lam Leong,SGP
Lawrence Wong,SGP
Lee Loong,SGP
Lee Tieng,SGP
Lim Guan,SGP
Lim Kiang,SGP
Lim Onn,SGP
Lim Teck,SGP
Lucien Kuai,SGP
Ng Sin,SGP
Ong Kung,SGP
Peter Kwee,SGP
Philip Pillai,SGP
Quek Tiat,SGP
Ravi Menon,SGP
Richard Hu,SGP
Shane Tregillis,SGP
Sundaresh Menon,SGP
Susan Soh,SGP
Tan Chuan,SGP
Tan How,SGP
Tan Leng,SGP
Teo Kian,SGP
Teo Lian,SGP
Tharman Shanmugaratnan,SGP
Vijaya Rajah,SGP
Walter Ming,SGP
Yeo Sim,SGP
Anthony Hughes,SLB
Barry Longmuir,SLB
Denton Rarawa,SLB
Gane Simbe,SLB
John Palfrey,SLB
Luke Forau,SLB
Philip Coney,SLB
Rick Houenipwela,SLB
Abdul Turay,SLE
Arthur Johnson,SLE
Christian Kargbo,SLE
Gordon Hall,SLE
Ibrahim Stevens,SLE
James Koroma,SLE
James Rogers,SLE
Jim Fornah,SLE
Joseph Tucker,SLE
Kaifala Marah,SLE
Kelfala Kallon,SLE
Melvin Tucker,SLE
Mohamed Fofana,SLE
Momodu Kargbo,SLE
Patrick Conteh,SLE
Samuel Bangura,SLE
Samuel Nicolcole,SLE
Samura Kamara,SLE
Sheku Sesay,SLE
Stephen Swaray,SLE
Tapsiru Dainkeh,SLE
Victor Bruce,SLE
Alberto Bonilla,SLV
Alfonso Beatriz,SLV
Carlos Canessa,SLV
Carlos Paredes,SLV
Douglas Fuentes,SLV
Edgardo Contreras,SLV
Gino Bettaglio,SLV
Guillermo Quehl,SLV
Luis Duran,SLV
Luz Portillo,SLV
Manuel Harrison,SLV
Marta Rivera,SLV
Maurice Rusconi,SLV
Mauricio Gallardo,SLV
Nicolas Martinez,SLV
Oscar Melgar,SLV
Pedro Delgado,SLV
Rafael Barraza,SLV
Roberto Milla,SLV
Victor Hurtarte,SLV
Antonio Valenti,SMR
Berardi Orietta,SMR
Biagio Bossone,SMR
Catia Tomasetti,SMR
Renato Clarizia,SMR
Abdi Abicar,SOM
Abdi Mohamed,SOM
Abdirahman Abdullahi,SOM
Abdullahi Addow,SOM
Abdullahi Ali,SOM
Abdurahman Herzi,SOM
Abdusalam Omer,SOM
Ali Amalow,SOM
Bashir Isse,SOM
In Abeyance,SOM
Mahmamud Ulusow,SOM
Mahmud Nur,SOM
Mohamud Ahmed,SOM
Omar Omar,SOM
Yussur Abrar,SOM
Ana Gligorijevic,SRB
Bojan Markovi,SRB
Bojan Markovic,SRB
Dejan Soskik,SRB
Diana Dragutinovic,SRB
Dragana Stani,SRB
Dusan Stojanovic,SRB
Kori Udovickikori,SRB
Mira Ericjovic,SRB
Mlaan Dinkic,SRB
Radovan Jelasic,SRB
Veselin Pjei,SRB
Vesna Arsic,SRB
Zeljko Jovi,SRB
Zeljko Jovic,SRB
Addis Othow,SSD
Andrew Madut,SSD
Dier Ngor,SSD
Elijah Aleng,SSD
Gamal Wani,SSD
James Garang,SSD
Johnny Damian,SSD
Kornelio Mayik,SSD
Moses Deng,SSD
Othom Ajak,SSD
Adelino David,STP
Alvaro Santiago,STP
Americo Barros,STP
Americo Ramos,STP
Arlindo Carvalho,STP
Carlos Sousa,STP
Ginesio Mata,STP
Helio Almeida,STP
Hildeberto Seca,STP
Luis Sousa,STP
Manuel Mendes,STP
Maria Silveira,STP
Prudencio Rita,STP
Victor Correia,STP
Andre Telting,SUR
Gillmore Hoefdraad,SUR
Glenn Gersie,SUR
Henk Goedschalk,SUR
Jules Sedney,SUR
Maurice Roemer,SUR
Robert Trikt,SUR
Rudolf Groenman,SUR
Victor Miranda,SUR
Elena Kohutikova,SVK
Ivan Sramko,SVK
Jan Toth,SVK
Jozef Makuch,SVK
Jozef Mudrik,SVK
Karol Mrva,SVK
Ladislav Balko,SVK
Marian Jusko,SVK
Marian Tkac,SVK
Martin Barto,SVK
Milan Horvath,SVK
Milena Korenova,SVK
Peter Kazimir,SVK
Peter Sevcovic,SVK
Tibor Kasiak,SVK
Udovit Odor,SVK
Viliam Ostrozlik,SVK
Vladimir Dvoracek,SVK
Vladimir Masar,SVK
Andrej Rant,SVN
Bostjan Jazbec,SVN
Botjan Vasle,SVN
Bozo Jasovic,SVN
Darko Bohnec,SVN
France Arhar,SVN
Ivan Ribnikar,SVN
Marko Kranjec,SVN
Mitja Gaspari,SVN
Primo Dolenc,SVN
Primoz Dolenc,SVN
Tina Umer,SVN
Tina Zumer,SVN
Aino Bunge,SWE
Anna Breman,SWE
Anna Seim,SWE
Bengt Dennis,SWE
Carl Nordlander,SWE
Cecilia Skingsley,SWE
Erik Theden,SWE
Goran Hjelm,SWE
Henry Ohlsson,SWE
Irma Rosenberg,SWE
Karolina Ekholm,SWE
Kerstin Hessius,SWE
Kerstin Jochnick,SWE
Klas Book,SWE
Krister Wickman,SWE
Kristina Persson,SWE
Lars Heikensten,SWE
Lars Nyberg,SWE
Lars Svensson,SWE
Lars Wohlin,SWE
Martin Flodn,SWE
Mats Lemne,SWE
Per Asbrink,SWE
Per Jansson,SWE
Stefan Ingves,SWE
Susanne Eberstein,SWE
Svante Oberg,SWE
Urban Bckstrm,SWE
Villy Bergstrom,SWE
A Ockenden,SWZ
Ethan Mayisela,SWZ
H Oliver,SWZ
James Nxumalo,SWZ
Martin Dlamini,SWZ
Phil Mnisi,SWZ
S Mdluli,SWZ
Aboo Aumeeruddy,SYC
Caroline Abel,SYC
Francis Changleng,SYC
Francis Leng,SYC
Guy Morel,SYC
Jennifer Morel,SYC
Norman Weber,SYC
Pierre Laporte,SYC
Abdulkader Husrieh,SYR
Adib Accad,SYR
Duraid Durgam,SYR
Duraid Durgham,SYR
Hazem Karfoul,SYR
Hisham Mutawalli,SYR
Hosni Sawaf,SYR
Izzat Traboulsi,SYR
Maysaa Sabreen,SYR
Mohammad Kabbarah,SYR
Mohammad Sharif,SYR
Mohammed Hazima,SYR
Nasouh Dakkak,SYR
Nourallah Nourallah,SYR
Rifaat Akkad,SYR
Taysir Alarbini,SYR
Abbas Tolli,TCD
Yvon Bangui,TCD
Abdoulaye Fadiga,TGO
Jean Compaore,TGO
Justin Baro,TGO
Mawuli Couchoro,TGO
Mongo Aharhkpessou,TGO
Philippe Dakourytabley,TGO
Robert Julienne,TGO
Alisara Mahasandana,THA
Allen Gee,THA
Ampon Kittiampon,THA
Apichai Boontherawara,THA
Arkhom Termpittayapaisith,THA
Atchana Waiquamdee,THA
Bandid Nijathaworn,THA
Bisudhi Nimmanhaemin,THA
Chaiwat Wiboonsawat,THA
Chaiyawat Wibulswasdi,THA
Chavalit Thanachanan,THA
Chawalit Thanachanan,THA
Chote Kunakasem,THA
Jote Gunakasem,THA
Kamchorn Sathirakul,THA
Kamjorn Satirakul,THA
Kanit Sangsubhan,THA
Kasem Sripayak,THA
Kasem Sriphayak,THA
Krirk Vanikkul,THA
Leng Srisomwong,THA
Leng Srisomwongse,THA
Mathee Supapongse,THA
Mom Sanitwong,THA
Narongchai Akrasanee,THA
Nukul Prachuabmoh,THA
Nukul Prachuapmoh,THA
Paiboon Kittisrikangwan,THA
Pakorn Ayudhya,THA
Phisut Nimmanhaemin,THA
Piti Disyatat,THA
Pongpen Ruengvirayudh,THA
Porametee Vimolsiri,THA
Praipol Koomsup,THA
Prasarn Trairatworakul,THA
Prince Vivadhanajaya,THA
Puey Ungphakorn,THA
Rajawongse Devakun,THA
Rajawongse Sonakul,THA
Rapee Sucharitakul,THA
Roengchai Marakanon,THA
Roong Mallikamas,THA
Roongrote Rangsiyopash,THA
Santitarn Sathirathai,THA
Seno Unakul,THA
Serm Winitchaikul,THA
Sethaput Suthiwartnarueput,THA
Setthaput Suthiwatanaruput,THA
Sione Kioa,THA
Siosi Mafi,THA
Siosiua Utoikamanu,THA
Siri Ganjarerndee,THA
Snoh Unakul,THA
Somchai Jitsuchon,THA
Somchai Sujjapongse,THA
Sorasit Soontornkes,THA
Subhak Siwaraksa,THA
Suchada Kirakul,THA
Suwannee Jatsadasak,THA
Tanya Sirivedhin,THA
Tarisa Watanagase,THA
Thirachai Phuvanatnaranubala,THA
Tongurai Limpiti,THA
Vachira Arromdee,THA
Veerathai Santiprabhob,THA
Vitai Ratanakorn,THA
Wichit Supinit,THA
Abdujabbor Shirinov,TJK
Firdavs Tolibzoda,TJK
Hokim Kholiqzoda,TJK
Jamshed Nurmahmadzoda,TJK
Kayum Kavmiddinov,TJK
Murodali Alimardon,TJK
Murodali Alimardonov,TJK
Sharif Rahimzoda,TJK
Tukhtaboy Gafarov,TJK
Yusufiyon Jamshed,TJK
Amandurdy Bordzhakov,TKM
Gadyrgeldi Mushshikov,TKM
Gadyrgeldi Mussikow,TKM
Geldimyrat Abylov,TKM
Gochmurad Muradov,TKM
Gochmyrad Myradov,TKM
Guvanchmyrat Goklenov,TKM
Hudajberdy Orazov,TKM
Jumamyrat Annaorazow,TKM
Jumaniyaz Annaorazov,TKM
Merdan Annadurdiyev,TKM
Myratniyaz Berdiyew,TKM
Nazar Saparov,TKM
Seitbay Gandimov,TKM
Shekersoltan Mukhammedova,TKM
Toyly Malikov,TKM
Tuvakmamed Japarov,TKM
Tuvakmammet Japarov,TKM
Abraao Vasconcelos,TLS
Helder Lopes,TLS
Sara Brites,TLS
Inia Naiyaga,TON
Jessie Cocker,TON
S Utoikamanu,TON
Sione Kioa,TON
Siosi Mafi,TON
Tatafu Moeaki,TON
Alexander Mcleod,TTO
Alvin Hilaire,TTO
Amoy Fong,TTO
Anne Mohammed,TTO
Clint Ramcharan,TTO
Davendranath Tancoo,TTO
Euric Bobb,TTO
Ewart Williams,TTO
Indera Sagewan,TTO
Joan John,TTO
John Pierce,TTO
Jwala Rambarran,TTO
Larry Howai,TTO
Luana Boyack,TTO
Patrick Watson,TTO
Rolph Balgobin,TTO
Sandra Sookram,TTO
Selwyn Cudjoe,TTO
Steve Seetahal,TTO
Surendra Arjoon,TTO
Thomas Evans,TTO
Trevor Byer,TTO
Victor Bruce,TTO
Vishnu Dhanpaul,TTO
Vyjanti Beharry,TTO
Wayne Tikah,TTO
William Demas,TTO
Winston Dookeran,TTO
Winston Thompson,TTO
Abdelmalek Saadaoui,TUN
Ahmed Abdelkefi,TUN
Ali Zouaoui,TUN
Amel Mdini,TUN
Brahim Saada,TUN
Chaker Soltani,TUN
Chedly Ayari,TUN
Ezzeddine Mustapha,TUN
Fethi Nouri,TUN
Ghazi Ahmed,TUN
Hedi Djilani,TUN
Hedi Nouira,TUN
Hedi Zar,TUN
Ismail Khelil,TUN
Kaouther Babia,TUN
Lamia Zribi,TUN
Marouane Abassi,TUN
Melle Khrayef,TUN
Mohamed Ahmed,TUN
Mohamed Bousbia,TUN
Mohamed Daouas,TUN
Mohamed Ghenima,TUN
Mohamed Hamda,TUN
Mohamed Jouini,TUN
Mohamed Miled,TUN
Mohamed Rejeb,TUN
Mohamed Rekik,TUN
Mohamed Skhiri,TUN
Moncef Belkhodja,TUN
Mondher Bellalah,TUN
Mongi Safra,TUN
Mustapha Nabli,TUN
Nadia Gamha,TUN
Radhi Meddeb,TUN
Ridha Touiti,TUN
Sadok Attia,TUN
Salah Essayel,TUN
Selma Bellagha,TUN
Slaheddine Makhlouf,TUN
Taoufik Bakkar,TUN
Abdullah Yavas,TUR
Ahmet Aysan,TUR
Bilsay Kuruc,TUR
Burhan Goklemez,TUR
Cafer Sadklar,TUR
Durmus Ylmaz,TUR
Emrah Sener,TUR
Erdem Basc,TUR
Ertan Aydn,TUR
Fatih Karahan,TUR
Fatih Ozatay,TUR
Gazi Ercel,TUR
Gazi Erel,TUR
Guven Sak,TUR
Hafize Erkan,TUR
Hakki Aydinoglu,TUR
Ibrahim Turhan,TUR
Ismail Aydnoglu,TUR
Mehmet Yorukoglu,TUR
Memduh Gupgupoglu,TUR
Murat Cetinkaya,TUR
Murat Etinkaya,TUR
Murat Uysal,TUR
Naci Abal,TUR
Naci Agbal,TUR
Naim Talu,TUR
Necati Sahin,TUR
Nihat Gultekin,TUR
Omer Duman,TUR
Osman Siklar,TUR
Osman Sklar,TUR
Rusdu Saracoglu,TUR
Sahap Kavcoglu,TUR
Sakir Toruner,TUR
Sedef Ayalp,TUR
Sukru Binay,TUR
Suleyman Ercel,TUR
Sureyya Serdengecti,TUR
Turalay Kenc,TUR
Yaman Toruner,TUR
Yavuz Canevi,TUR
Yusuf Tuna,TUR
Chang Chicheng,TWN
Chang Kiangau,TWN
Fa Liang,TWN
Fred Chen,TWN
Gary Tseng,TWN
Hsieh Samchung,TWN
Hsu Poyuan,TWN
Liang Kuoshu,TWN
Liu Kongyun,TWN
Perng Fainan,TWN
Sheu Yuandong,TWN
Tsuyee Pei,TWN
Yang Chinlong,TWN
Yi Hsu,TWN
Yu Hungchun,TWN
Yu Kuohwa,TWN
Ali Mufuruki,TZA
Amina Shaaban,TZA
Benno Ndulu,TZA
Bruno Ndunguru,TZA
Charles Nyirabu,TZA
Daudi Ballali,TZA
Edwin Mtei,TZA
Emmanuel Tutuba,TZA
Enos Bukuku,TZA
Esther Mkwizu,TZA
Gilman Rutihinda,TZA
Haidari Amani,TZA
Idris Rashidi,TZA
Joseph Nagu,TZA
Joseph Semboja,TZA
Juma Reli,TZA
Khamis Omar,TZA
Lila Mikila,TZA
Lila Mkila,TZA
Michael Shirima,TZA
Mohammed Mbaye,TZA
Natu Mwamba,TZA
Omar Mussa,TZA
Prof Luoga,TZA
Rahma Mahfoudh,TZA
Ramadhani Khijjah,TZA
Salum Shamte,TZA
Yona Killagane,TZA
Augustus Nuwagaba,UGA
Charles Kikonyogo,UGA
David Opiokello,UGA
Emmanuel Tumussimemutebile,UGA
Gideon Nkojo,UGA
Henry Kajura,UGA
Joseph Mubiru,UGA
Leo Kibirango,UGA
Louis Kasekende,UGA
Margaret Mwanakatwe,UGA
Michael Atingiego,UGA
Moses Kiingi,UGA
Onegi Obel,UGA
Patrick Kaberenge,UGA
Suleiman Kiggundu,UGA
Anatolii Baranin,UKR
Anatolii Barsukov,UKR
Anatolii Fedorenko,UKR
Anatoliy Halchynskyi,UKR
Anatoliy Shapovalov,UKR
Andriy Pyshnyy,UKR
Arseniy Yatsenyuk,UKR
Bohdan Danylyshyn,UKR
Borys Prykhodko,UKR
Dmytro Sologub,UKR
Ernest Haliev,UKR
Fedir Shpyh,UKR
Hennadii Shemshuchenko,UKR
Ihor Mityukov,UKR
Ihor Pluzhnykov,UKR
Ihor Prasolov,UKR
Ihor Sharov,UKR
Ihor Sorkin,UKR
Ihor Yushko,UKR
Iryna Akimova,UKR
Kateryna Rozhkova,UKR
Kyrylo Shevchenko,UKR
Mykola Butko,UKR
Mykola Onischuk,UKR
Oleksandr Dubov,UKR
Olena Shcherbakova,UKR
Olexander Kiryyev,UKR
Pavlo Haidutskyi,UKR
Petro Poroshenko,UKR
Petro Sabluk,UKR
Roman Shpek,UKR
Sergiy Nikolaychuk,UKR
Serhii Buriak,UKR
Serhii Liovochkin,UKR
Serhii Osyka,UKR
Serhiy Arbuzov,UKR
Serhiy Tihipko,UKR
Stepan Kubiv,UKR
Trokhym Kovalchuk,UKR
Tymofiy Mylovanov,UKR
Vadym Hetman,UKR
Valerii Alioshyn,UKR
Valerii Alloshyn,UKR
Valerii Heiets,UKR
Valerii Khoroshkovskyi,UKR
Valeriia Gontareva,UKR
Vasyl Furman,UKR
Vasyl Horbal,UKR
Viktor Fedosov,UKR
Viktor Koziuk,UKR
Viktor Yushchenko,UKR
Vira Rychakivska,UKR
Vitalii Lomakovych,UKR
Volodymyr Lepushynskyi,UKR
Volodymyr Matvienko,UKR
Volodymyr Stelmakh,UKR
Yakiv Smoliy,UKR
Yakiv Smolly,UKR
Yulia Tymoshenko,UKR
Yurii Haida,UKR
Yurii Heletii,UKR
Yurii Kolobov,UKR
Yurii Polunieiev,UKR
Alberto Grana,URY
Alberto Zubiria,URY
Alejandro Gallinal,URY
Alfredo Baldomir,URY
Andres Trueba,URY
Armando Malet,URY
Carlos Ricci,URY
Carlos Snguinetti,URY
Cesar Batlle,URY
Cesar Failache,URY
Claudio Williman,URY
Daniel Martins,URY
Diego Labat,URY
Enrique Iglesias,URY
Enrique Silva,URY
Eva Holz,URY
Francisco Forteza,URY
Francisco Podesta,URY
Gabriel Terra,URY
Guillermo Tolosa,URY
Humberto Capote,URY
Javier Mendivil,URY
Jorge Echeverria,URY
Jorge Gamarra,URY
Jorge Leunda,URY
Jorge West,URY
Jose Aramendia,URY
Jose Diaz,URY
Jose Puppo,URY
Jose Serrato,URY
Juan Amestoy,URY
Juan Protasi,URY
Julio Flores,URY
Julio Mascheroni,URY
Mario Bergara,URY
Mario Duque,URY
Mario Fullgraff,URY
Martin Inthamoussu,URY
Miguel Vieytes,URY
Nilo Marquez,URY
Pedro Aramendia,URY
Ramon Gaspar,URY
Ricardo Pascale,URY
Rosario Medero,URY
Solano Amilivia,URY
Wahington Ribeiro,URY
Walter Cancela,URY
Washington Ribeiro,URY
Abbot Mills,USA
Adriana Kugler,USA
Ahmed Fahour,USA
Alan Blinder,USA
Alan Greenspan,USA
Albert Strauss,USA
Alberto Musalem,USA
Alexander Korovushkin,USA
Alfred Aiken,USA
Alfred Jr,USA
Alfred Williams,USA
Alice Rivlin,USA
Allan Sproul,USA
Andrew Brimmer,USA
Andrew Thorburn,USA
Ann Sherry,USA
Anna Paulson,USA
Anne Loveridge,USA
Anthony Santomero,USA
Anthony Solomon,USA
Anthony Yuen,USA
Archibald Kains,USA
Arthur Burns,USA
Athanasios Orphanides,USA
Aubrey Heflin,USA
Aunauth Beejadhur,USA
Austan Goolsbee,USA
Barbara Kolm,USA
Ben Bernanke,USA
Bernie Fraser,USA
Beth Hammack,USA
Bob Johnston,USA
Braddock Hickman,USA
Brian Clark,USA
Brian Loton,USA
Bruce Maclaury,USA
Bruce Watson,USA
Buckner Mckinney,USA
C Earhart,USA
Cameron Clyne,USA
Canby Balderston,USA
Carl Allen,USA
Carter Glass,USA
Catherine Walter,USA
Cathy Minehan,USA
Charis Gavrielides,USA
Charles Evans,USA
Charles Hamlin,USA
Charles Partee,USA
Charles Plosser,USA
Charles Rhoads,USA
Charles Scanlon,USA
Charles Shepardson,USA
Chester Davis,USA
Christakis Stephani,USA
Christodoulos Christodoulou,USA
Christopher Waller,USA
Chrystalla Georghadji,USA
Claus Raidl,USA
Clifford Young,USA
Daleep Singh,USA
Daniel Crissinger,USA
Daniel Gilbert,USA
Darryl Francis,USA
David Biggs,USA
David Dickins,USA
David Eastburn,USA
David Lilly,USA
David Mullins,USA
David Wills,USA
Delos Johns,USA
Dennis Lockhart,USA
Dewey Daane,USA
Donald Argus,USA
Donald Kohn,USA
Douglas Mckay,USA
E Passmore,USA
Edmund Platt,USA
Eduard Schock,USA
Edward Boehne,USA
Edward Cunningham,USA
Edward Gramlich,USA
Edward Kelley,USA
Edward Norton,USA
Edward Tweddell,USA
Edward Wayne,USA
Elizabeth Duke,USA
Elvadore Fancher,USA
Elvira Nabiullina,USA
Emmett Rice,USA
Eric Rosengren,USA
Ernest Baughman,USA
Ernest Draper,USA
Esther George,USA
Eugen Margaretha,USA
Eugene Black,USA
Eugene Meyer,USA
Ewald Nowotny,USA
Frank Blount,USA
Frank Cicutto,USA
Frank Morris,USA
Frederic Delano,USA
Frederick Deming,USA
Frederick Schultz,USA
Gary Stern,USA
Gavin Leedy,USA
Gennady Aleynikov,USA
Geoffrey Tomlinson,USA
George Clay,USA
George Ellis,USA
George Hamilton,USA
George Harrison,USA
George James,USA
George King,USA
George Mitchell,USA
George Norris,USA
George Schaller,USA
George Seay,USA
Georgy Matyukhin,USA
Gerald Corrigan,USA
Glenn Stevens,USA
Goorpersad Bunwaree,USA
Gottfried Haber,USA
Hans Kloss,USA
Harald Mahrer,USA
Harold Knight,USA
Harold Patterson,USA
Harry Shuford,USA
Helen Mucciolo,USA
Hellmuth Klauhs,USA
Henry Moehlenpah,USA
Henry Wallich,USA
Herbert Coombs,USA
Herbert Schimetschek,USA
Hermann Mangels,USA
Hugh Armitage,USA
Hugh Jr,USA
Hugh Leach,USA
Ian Macfarlane,USA
Indurduth Ramphul,USA
Ira Clerk,USA
J Broaddus,USA
J Thomas,USA
Jack Guynn,USA
James Bullard,USA
James Lynch,USA
James Mcdougal,USA
James Oconnor,USA
James Oltman,USA
James Robertson,USA
Janet Yellen,USA
Jeffrey Bucher,USA
Jeffrey Schmid,USA
Jennifer Scanlon,USA
Jeremy Stein,USA
Jerome Powell,USA
Jerry Jordan,USA
Jillian Segal,USA
Jo Jr,USA
John Balles,USA
John Calkins,USA
John Laware,USA
John Mckee,USA
John Mitchell,USA
John Peyton,USA
John Phillips,USA
John Sheehan,USA
John Sinclair,USA
John Thorn,USA
John Waller,USA
John Williams,USA
Josef Christl,USA
Joseph Broderick,USA
Joseph Erickson,USA
Joseph Mccord,USA
Joseph Mcintosh,USA
Karen Horn,USA
Karl Bopp,USA
Kathryn Fagg,USA
Kenneth Moss,USA
Kevin Warsh,USA
Kurt Pribil,USA
Lael Brainard,USA
Laurence Meyer,USA
Laurence Whittemore,USA
Lawrence Clayton,USA
Lawrence Lindsey,USA
Lawrence Roos,USA
Lisa Cook,USA
Loretta Mester,USA
Lorie Logan,USA
Lyle Gramley,USA
Lynn Talley,USA
M Szymczak,USA
Malcolm Bryan,USA
Malcolm Williamson,USA
Manuel Johnson,USA
Maria Schaumayer,USA
Mark Joiner,USA
Mark Mullinix,USA
Mark Olson,USA
Mark Willes,USA
Marriner Eccles,USA
Martha Seger,USA
Mary Daly,USA
Matthew Fleming,USA
Maurice Smith,USA
Maximilian Wellborn,USA
Michael Barr,USA
Michael Deeley,USA
Michael Moskow,USA
Michael Strine,USA
Michael Ullmer,USA
Miefodiy Svieshnikov,USA
Mike Pyle,USA
Miki Bowman,USA
Milo Campbell,USA
Monroe Kimbrel,USA
N Bulganin,USA
Nadezhda Yermakova,USA
Nancy Teeters,USA
Narayana Kocherlakota,USA
Neel Kashkari,USA
Nikolai Garetovsky,USA
Oliver Powell,USA
Oscar Newton,USA
Oscar Wells,USA
Panicos Demetriades,USA
Patricia Cross,USA
Patrick Harker,USA
Paul Miller,USA
Paul Rizzo,USA
Paul Volcker,USA
Paul Warburg,USA
Peeyush Gupta,USA
Peter Cottrel,USA
Peter Duncan,USA
Peter Mooslechner,USA
Peter Zollner,USA
Philip Coldwell,USA
Philip Jackson,USA
Philip Jefferson,USA
Philip Jr,USA
Philip Lowe,USA
Preston Martin,USA
Pyotr Prakapovich,USA
Ralph Flanders,USA
Ralph Morrison,USA
Rameswurlall Roi,USA
Randall Kroszner,USA
Randy Quarles,USA
Raphael Bostic,USA
Ray Gidney,USA
Reinhard Kamitz,USA
Richard Clarida,USA
Richard Fisher,USA
Richard Syron,USA
Richard Zandt,USA
Rick Mishkin,USA
Robert Allen,USA
Robert Black,USA
Robert Boykin,USA
Robert Bryan,USA
Robert Elstone,USA
Robert Forrestal,USA
Robert Gilbert,USA
Robert Heller,USA
Robert Holland,USA
Robert Kaplan,USA
Robert Mayo,USA
Robert Mcteer,USA
Robert Parker,USA
Robert Parry,USA
Roger Jr,USA
Rolla Wells,USA
Ronald Ransom,USA
Ross Mcewan,USA
Roy Young,USA
Rudolph Evans,USA
Sandra Pianalto,USA
Sarah Raskin,USA
Sergei Dubinin,USA
Sergei Ignatyev,USA
Sherman Maisel,USA
Silas Keehn,USA
Simon Mckeon,USA
Stanislav Bogdankevich,USA
Stanley Fischer,USA
Stephan Koren,USA
Stephen Gardner,USA
Susan Bies,USA
Susan Collins,USA
Susan Phillips,USA
Sylvain Leduc,USA
Tamara Vinnikova,USA
Tatyana Paramonova,USA
Terrence Checki,USA
Theodore Roberts,USA
Theodore Wold,USA
Thomas Hoenig,USA
Thomas Jr,USA
Thomas Mccabe,USA
Thomas Mcdonald,USA
Thomas Melzer,USA
Thomas Park,USA
Thomas Steiner,USA
Thomas Timlen,USA
Timothy Geithner,USA
Tom Barkin,USA
Vasily Popov,USA
Viktor Dementsev,USA
Viktor Gerashchenko,USA
Vladimir Alkhimov,USA
W Hoskins,USA
Watrous Irons,USA
Wayland Magee,USA
Wayne Angell,USA
Wilbur Fulton,USA
William Day,USA
William Dudley,USA
William Ford,USA
William Geery,USA
William Harding,USA
William Jr,USA
William Mcdonough,USA
William Miller,USA
William Paddock,USA
William Poole,USA
William Sherrill,USA
William Sr,USA
Willis Bailey,USA
Willis Winn,USA
Wolfgang Duchatczek,USA
Wolfgang Schmitz,USA
Yakov Golev,USA
Yandraduth Googoolye,USA
Fauzulla Mulladzhanov,UZB
Fayzulla Mullajanov,UZB
Mamarizo Nurmuratov,UZB
Timur Ishmetov,UZB
Ulugbek Mustafoev,UZB
Errol Allen,VCT
K Venner,VCT
* Rodriguez,VEN
Alfonso Espinosa,VEN
Alfredo Gomez,VEN
Alfredo Lafee,VEN
Antonio Gonzalez,VEN
Aurelio Arreaza,VEN
Benito Losada,VEN
Bernardo Ferran,VEN
Calixto Sanchez,VEN
Carlos Goiticoa,VEN
Carlos Silva,VEN
Diego Castellanos,VEN
Domingo Zavala,VEN
Eudomar Tovar,VEN
Franklin Mendez,VEN
Gaston Luzardo,VEN
Hernan Anzola,VEN
Jesus Mendoza,VEN
Jorge Giordani,VEN
Jose Fernandez,VEN
Jose Rivas,VEN
Julio Sulbaran,VEN
Laura Angulo,VEN
Leopoldo Bruzual,VEN
Manuel Lago,VEN
Mauricio Araujo,VEN
Miguel Fandeo,VEN
Nelson Merentes,VEN
Pedro Marin,VEN
Pedro Tinoco,VEN
Rafael Crazut,VEN
Ramon Moreno,VEN
Ricardo Sanguino,VEN
Rodolfo Torres,VEN
Ruth Krivoy,VEN
Santiago Ortega,VEN
Sohail Parra,VEN
William Canas,VEN
Ang Chau,VNM
Cao Kiem,VNM
Do Luong,VNM
Hoang Anh,VNM
Le Hurng,VNM
Le Luong,VNM
Le Thuy,VNM
Lu Chau,VNM
Nguyen Bang,VNM
Nguyen Binh,VNM
Nguyen Canh,VNM
Nguyen Dung,VNM
Nguyen Gia,VNM
Nguyen Giau,VNM
Nguyen Hong,VNM
Ta Co,VNM
Tran Duong,VNM
Tran Tuan,VNM
August Letlet,VUT
Edward Fillingham,VUT
Franklyn Kere,VUT
Jayant Virani,VUT
John Howard,VUT
Kausiama Ms,VUT
Odo Tevi,VUT
Patrick Noel,VUT
Peter Tari,VUT
Reserve Vanuatu,VUT
Sampson Ngwele,VUT
Simeon Athy,VUT
Atalina Enari,WSM
Bill Davies,WSM
John Howard,WSM
Papalii Scanlan,WSM
Philip Penn,WSM
Ahmet Ismaili,XKX
Bashkim Nurboja,XKX
Bedri Hamza,XKX
Fadilj Bajrami,XKX
Fehmi Mehmeti,XKX
Gani Gerguri,XKX
Hashim Rexhepi,XKX
Nexhat Kryeziu,XKX
Abdul Ghani,YEM
Abdulla Alsanabani,YEM
Ahmed Almabaqi,YEM
Ahmed Alsamawi,YEM
Alaui Alsalami,YEM
Alawi Alsalami,YEM
Hafedh Meyad,YEM
Hafez Mayad,YEM
Hisham Alattna,YEM
Jalal Faqira,YEM
Mohamed Humam,YEM
Mohamed Zemam,YEM
Mohammad Aljunaid,YEM
Mohammed Hammam,YEM
Monasser Quaiti,YEM
Muhammad Zmam,YEM
Munassar Alquaiti,YEM
Munassar Mohamed,YEM
Chris Stals,ZAF
Cristiano Stals,ZAF
Daniel Mminele,ZAF
Franois Groepe,ZAF
Gerhard Kock,ZAF
Gerhard Rissik,ZAF
Gill Marcus,ZAF
Ian Plenderleith,ZAF
Johannes Postmus,ZAF
Kuben Naidoo,ZAF
Lesetja Kganyago,ZAF
Mampho Modise,ZAF
Michiel Kock,ZAF
Rashad Cassim,ZAF
Theunis Jongh,ZAF
Tim Thahane,ZAF
Tito Mboweni,ZAF
William Clegg,ZAF
Xolile Guma,ZAF
Berlin Msiska,ZMB
Bitwell Kuwani,ZMB
Bwalya Ngandu,ZMB
Chileshe Kapwepwe,ZMB
Christopher Mvunga,ZMB
Chriticles Mwansa,ZMB
David Phiri,ZMB
Denny Kalyalya,ZMB
Dominic Mulaisho,ZMB
Francis Nkhoma,ZMB
Grace Bwanali,ZMB
Hastings Mtine,ZMB
Jacob Mwanza,ZMB
Jacqueline Musiitwa,ZMB
Jacques Bussieres,ZMB
Jonathan Chileshe,ZMB
Justin Zulu,ZMB
Katebe Musonda,ZMB
Kenny Kalyalya,ZMB
Leonard Chivuno,ZMB
Likolo Ndalamei,ZMB
Luke Mwananshiku,ZMB
Michael Gondwe,ZMB
Mwata Iii,ZMB
Richard Hallet,ZMB
Sarah Ross,ZMB
Siphiwe Nkunika,ZMB
Situmbeko Musokotwane,ZMB
Tukiya Kankasamabula,ZMB
Valentine Musakanya,ZMB
Anthony Graffteysmith,ZWE
B Richards,ZWE
Charity Dhliwayo,ZWE
Charles Chikaura,ZWE
Desmond Krogh,ZWE
Gideon Gono,ZWE
Innocent Matshe,ZWE
John Mangudya,ZWE
John Mushayavanhu,ZWE
Kombo Moyana,ZWE
Leonard Tsumba,ZWE
Noel Bruce,ZWE
